text,label
i feel like watching a show or a movie after the kids are in bed i make sure to hop on my elliptical or spin bike for at least minutes of the show before i settle down and stretch out for the night,joy
i feel marginalised frequently intimidated on the roads and i often feel that both the law and the rules that define what a safe road layout looks like simply dont make any sense when im using a bicycle as my mode of transport,fear
i feel like im almost uh afraid of everything so to speak,fear
i feel irritable like no other and running will def cure that,anger
i dont have a yeast infection in the vagina i could be feeling irritated by yeast due to my diet so i should stop eating lots of sugary foods if i can,anger
i just feel really violent right now,anger
i can get away these days with the gag line when i feel like being sarcastic that i feel sorry for anyone who wasn t fortunate enough to be born mexican,anger
im glad i have a god with whom i can feel safe,joy
i feel im just so greedy that all i care about is myself,anger
i had for me to confess my feelings for her but still i couldnt bring myself to her for i was scared of losing her once more,fear
i feel so strongly and passionate about so hearing that just made my heart sink,joy
i feel tortured the one thing i love is the one thing that wont support me financially but i cringe when i think of spending years chained to a desk performing a job by wrote with little or no room for creativity or for anything else that matters,anger
i must not feel complacent,joy
i get this sudden feeling that i am completely annoyed at him,anger
ive been feeling really spiteful lately so i think ill just sit here and listen to rammstein,anger
i feel so divine to be so cared for,joy
i feel that phrase implies a calm orderly procession in which i would remove the refuse from my,joy
i feel more intelligent and strong,joy
i feel equally morally outraged regardless of whether its michigans or new yorks governor sleeping with prostitutes behind his wifes and daughters backs,anger
i sat feeling helpless like a moment from an episode of the walking dead,fear
ive found it has made a huge difference especially on the finger with my ring and the my skin feels so much softer and less irritated,anger
i instead feel restless,fear
i watch her gather her little blocks and tuck them under her belly like a little red hen coo and cuddle her soft baby doll and look with interest at other babies i can t help but feel thrilled that she s our firstborn,joy
im feeling rather bothered because my physical and mental clock is still in october,anger
i just repeat it again and again until i feel myself become less afraid,fear
i feel that if he hadnt appeared out of nowhere and distracted me i would have noticed the light change and none of this would have happened,anger
i wasnt feeling well at all so had to take a few days off work lots of winter germs going round and being in an air conditioned office probably doesnt help,joy
i feel so uptight and tense,fear
i breaking skin feels like and it s not pleasant,joy
i am small people think i should feel amazing in a bathing suit,joy
i think the most significant feeling that i am left with after being here for a week is that we are all deeply privileged to live where we live and have what we have,joy
i went into the movie i was feeling skeptical and slightly nervous that i was going to be disappointed,fear
i try to approach this thing called nature which is something im feeling a bit envious about,anger
i feel calm with her,joy
i refuse to rate the book but if she and her publisher feel snobbish then take it from me when i say jeanette winterson cannot write and essentially does not do wish to do anything with the scope to explore,anger
i feel very distraught right now,fear
im not only thankful that everything seems to be working out as i wrap week at my new job but also feeling pretty lucky to have the people we do in our lives,joy
i this feels rebellious to me,anger
i feel the show was a success for me and i am glad that i did it and i have decided that i will do pg live in may too so better get planning,joy
i feel so special amp blessed to have my caring amp creative family,joy
i don t always feel joyful and i quite often throw prayer out the window,joy
i remember the same giddy feeling of contented good fortune lucky lucky me here safe in our cozy home watching my fabulous man head off for the day knowing he ll be coming home to me in a few hours,joy
i am posting about a past event where i am feeling like i should be insulted,anger
i feel absolutely overwhelmed by it,fear
i go back to my point about what an easy sell getting folk to feel really virtuous for not doing what they dont want to do anyway,joy
im going to sit and crochet some more squares and try not to feel alarmed at the amount of them i need to do before these babies are born,fear
i am thankful for my job and feeling so blessed everyday,joy
i feel you and its so sincere,joy
i feel like i need to cry these past few days and it relieved me that i could cry that much of tears today haha,joy
realizing that a friend had been talked into signing a certain contract,anger
i always feel i always understand that the people who are being the most hateful and harmful towards me are hurting themselves and taught wrongly and i hurt for them because i want to go back and undo the pain and childhood bigotry that binds their lives into this path,anger
i think just noticing this in me that i m more prone to feel jealous right now is helping me show up with a bit more intentionality than at other times in my life,anger
i was starting to feel alarmed,fear
i will feel triumphant,joy
i feel like i can trust them though seeing how they can understand how other women can be bitchy and neither of us want to deal with that shit,anger
id gotten the feeling that her friend hated me deeply for whatever id done to her,anger
i dance i should feel pretty,joy
i want be there when she passed away or when she was not feeling good and same with my brother and other grandparents,joy
im having my biannual mammogram and although i know it only hurts for a while im feeling unusually apprehensive,fear
i felt this way before i was feeling rather reluctant whether should i go down to bishan to fetch my boyfriend,fear
i hope i would be able to understand and not make my friend feel pressured into doing anything they did not want to do,fear
i was feeling pretty grumpy at this point but for whatever reason seeing this flower made me very happy,anger
i feel like its the perfect time to enlist some extra help,joy
i feel like i would have more direction that i would still feel innocent,joy
i don t feel that irritated,anger
i was feeling grouchy and the old man has mentioned that retail therapy is great,anger
i began to feel very afraid of disappointment during the tour just because the rain and fog continued,fear
i just feel terrified,fear
im feeling slightly optimistic,joy
i feel somewhat alarmed,fear
i may be feeling more generous than normal but i really think a lot of teams did well in drafting good players at good spots and filling needs,joy
i have a serious question for some of you why do you feel it is ok to support a healthcare plan that tramples on anothers beliefs,joy
im happy to have this in my kitchen but it feels like someone rushed this out and cut corners,anger
during the weekend at home,anger
ive been more vocal about how i feel what i think and am convinced that i will not let anyone walk all over me or let my opinion not matter,joy
i havent felt much like talking nothing bad just not been feeling very sociable in some ways,joy
i hope you don t run around irrationally killing people when you feel threatened like animals do,fear
i drove dannika to school i was feeling a little bit rushed and this is what greeted me as i turned the corner,anger
i am most defensive when i feel most threatened,fear
i feel suffocated yet charmed my brain pauses logic,joy
i feel terribly like cassandra locking myself in attics and barns to write in beloved journals warmed by my ginger cat mine huckleberry and hers abelard,joy
i have a feeling this month is going to have some damn cool things in store,joy
i feel safe encoding utf locale en isprivate false ismobile false mobileclass isprivateblog false languagedirection ltr feedlinks link rel alternate type application atom xml title i could use a standing ovation could you,joy
i notice a lump or feel pain in any part of my body i will somehow become fearful or scared,fear
i wasnt feeling like going on easter holidays i dont even know why at least i hope these days can be very productive for me,joy
ill go because it warms my muscles and i always laugh in the midst of our quirky little inter generational exercise family and after six months im a regular which reminds me that ive accomplished the epic feat of no longer feeling in some way intimidated when i go to the gym,fear
i see other people writing about love when they have just brokeup and finding another person in his her life i kinda feel so disgusted,anger
i were to create a piece similar to this again i would improve on it by spending more time on the background as i feel i rushed this and it could have been more detailed,anger
i was feeling stressed or run down to support the immune system,anger
i feel a bit pissed off because we went first,anger
i prayed for love for the people that i was feeling bitter towards and that they would find what was best for them,anger
i feel our hearts are treading dangerous territory,anger
i feel i really wronged commodore,anger
i just remember feeling so much pain and being confused and scared and convinced that i could not do this,fear
i was the compere at a party and all my efforts to get the show rolling were thwarted by the immobile,anger
i kinda feel like being rebellious a libertine you know,anger
i wonder if they feel like reluctant leaders,fear
i know that when i am feeling distraught or moody i can depend on you two to put a smile back on my face,fear
i feel nervous about going back to america not knowing what to expect the transition to be like,fear
ive lost lbs between january of this year and now i have this wicked part of me that feels very keen to try on new clothing and to tell myself that i deserve new clothing,joy
i try to come up with ideas that i feel are clever to keep the my pieces fun to make and interesting to look at,joy
i am feeling envious of other nations that despite the very small land,anger
i woke up feeling cranky this morning,anger
i got lots o crazy shit going on but i am loved and feel hopeful about the future,joy
i want every woman to feel the kind of love from god that sheri shares in her letters from the king and i am positive that she does too,joy
im by no means huge however as im only i find that any extra weight at all makes me feel very uncomfortable in myself as well as my clothes,fear
i am not amazing or great at photography but i feel passionate about it,joy
im sitting there with both boobs hanging out so why do i feel uncomfortable,fear
i feel anxious for myself moment of truth i feel rather like a tiger in a cage when it comes to testing,fear
i can t hate too much because i feel like she s looking pretty damn flawless in these pics,joy
i understand but i feel like i hated my friends,anger
i will be thinking of each one of you i will be happy toast and feel my sincere huge magical group hug link rel stylesheet type text css href http jdelivery,joy
i feel stressed he gets upset for that too,anger
i can t imagine a real life scenario where i would be emotionally connected enough with someone to feel totally accepted and safe where it it morally acceptable for me to have close and prolonged physical contact and where sex won t be expected subsequently,joy
i could feel the radiant heat of emanating from her naked sex reaching longingly for the probing tip of my hardness,joy
i feel like she has taken on the role of a grandmother to me since my beloved grandma is no longer with me,joy
im good at hiding my true feelings or blurting them out in sarcastic tones,anger
im trying to be positive and i feel positive,joy
ive mostly gotten used to this but being kind of a stubbornly independent person it still feels a little strange at times,fear
i already feel it is for the bursts and hesitations of last year to mellow into engaged and rhythmic hops forward like his,joy
i look forward to when i am feeling better and can write more often,joy
i feel a lot more confident about the path ive chosen,joy
i am for the first time this year feeling the cold,anger
i feel tortured because i am not allowed to enjoy food the way my friend can,anger
i was feeling extremely anxious,fear
i go to sleep i feel as if i m giving up precious time to do something else with my life,joy
i execute the trick and work my dishwasher magic i feel so clever,joy
i thought of that feeling of delicious isolation i feel when i am absorbed in a quest each revelation leading to questions then answers then more questions a cave came to mind at first lined with ancient and wisdom filled tomes a deep comfortable chair and large paper strewn table in the centre,joy
i feel more superior dead chicken or grieving child,joy
i take the offense that is most frightening to me when i am feeling the most vulnerable in close relationships with others and i draw that offense and all my frightful vulnerability into the love of god into the mercy seat that fills me full,fear
i told him i was feeling anxious about turning thirty,fear
i get into what it actually does i feel like everyone should buy it just because it smells amazing,joy
i guess the good news is i feel calm now i think i just needed to get this off my chest,joy
i remember that beauty truly is in the eye of the beholder people see the beautiful compliment as a statement of how valuable they find that person and people don t want to kick someone when they are feeling vulnerable,fear
i do find that this question puts me right at the edge of bringing the love of the dharma into the world an edge that i feel is vital and necessary,joy
i feel quietly ecstatic over the painless change in our grocery expense,joy
i want to have a job where i am permanent and where i feel like i am valued,joy
i have read and experienced going vegetarian to vegan from a meat eater how the toxins leave your body and make you feel irritable and grumpy,anger
i hated that i hurt him with my feelings i hated that i was dating somebody i didn t love i hated that i pretended lied to a friend i really treassured,anger
i was feeling grouchy and upset about a situation with a girl which wasn t going how i d hoped,anger
i feeling distressed,fear
i cant seem to command it a feeling im sure anyone can relate to,joy
i call someone i feel like i need to at least talk a few minutes to not be rude,anger
i t want t know f t habitual t feel frightened wh n initiation r career,fear
i purposely put that statement in the negative to show that im now feeling gun shy,fear
i had to lose my best friends to be with the one who can make me feel forever contented with life and be eternally happy,joy
im tired but i feel fabulous and i am so freaking proud of myself at this moment for continuing to push myself to train and to get so far out of my comfort zone,joy
i can feel the beginnings of a cold so i figured i deserve a heinously hot bath,anger
i feel really irritable when im surrounded with it,anger
i need that warmth to remind me hes there when life feels cold and empty,anger
i guess ive heard enough over the two months because each time i hear such comments i honestly feel offended,anger
i go snowboarding feeling very apprehensive,fear
i feel clever nov,joy
i can feel she still angry with me,anger
i feel like im being petty about this,anger
i feel so nervous anxious and i dont know why,fear
im feeling better than expected,joy
i can sleep on the couch or on the floor if you are still feeling shaken he offers gently,fear
i always feel that it is profoundly worthwhile,joy
i was feeling really emotionally distraught and unable to concentrate,fear
i feel out of place posting here since i feel so hesitant to join aa full force but i could use some insight from the people on the inside,fear
i left that appointment feeling really bummed that the option of a vbac had been snatched from me but also sort of content with the fact that i had prayed for and possibly received a sign of gods will for this birth,joy
i have begun to feel irrationally resentful and angry towards people,anger
im feeling really adventurous maybe white,joy
going to take my driving test,fear
i am feeling extremely contented with our decision to home educate,joy
im a marketer and i couldnt be bothered to investigate further which makes me feel that consumers probably cant be bothered either,anger
i created my how to paint an owl e course with the intention of sharing the simple shape templates that i use to start my own owls so that others could easily create their own and not feel afraid to start on a blank canvas,fear
i feel like these lenses look so cute,joy
i feel energetic and fresh and the great things is my eye sight has improved a lot,joy
i feel that the media cannot be resolved effectively,joy
i stopped feeling cold and began feeling hot,anger
i used to always feel jealous about most things they received from compliments to some valuable stuffs,anger
im putting it in my palm and blowing on it hoping it gets to the ears of the universe and its feeling a little generous the day it reaches them,joy
i suspect i was also dealing with caffeine withdrawal but i think i have now figured out a system of eating which works well for me and i feel fab,joy
i listen to dubstep when im feeling damn irritated,anger
i am feeling happy,joy
i was feeling at the start didnt want to move much at all was really glad to experience this glimpse into the sort of vibrant energy i will gain through out the year,joy
i feel for the people who dont see its worth or are too afraid to discover it,fear
i love the combination of lavender and orange scent but feel free to substitute any other fragrance oil or essential oils that you wish,joy
i feel apprehensive and wonder if the marks i have made in the past are still there,fear
i was catapulted back into feeling more terrified of people than i had been in awhile,fear
i know i probably shouldnt write with that sort of angry passion here on the blog but i never want to feel inhibited on what i can and cannot post,fear
i feel to write something is making me reluctant,fear
i always have been when im not feeling sociable extreme or the other,joy
i am feeling shaky and tired i feel like i do when i go on a long run without eating and come home and just really wanting a banana or some gatorade,fear
i p i could sit here and beat myself up over it all but im feeling far to rebellious for that today basically im feeling angry at the world and at myself all at the same time,anger
ive been feelin cranky about my blog im feeling its still a bit childish for me already i dont know if its the blog itself the address or something else,anger
i would have smiled except i was starting to feel like any more uptight comments and my jaw would fall right out of my head,fear
i viewed all that stuff at the bottom and deciding i was going to come back when i am feeling bitchy just so i could list that as my mood i felt like an ice cream sandwich,anger
i feel like it here are ten of the many sites that keep me entertained on a daily basis,joy
i feel like flagellating myself like the weird albino priest in angels and demons every time i see his face,fear
i do however feel myself feeling a bit reluctant,fear
i feel have wronged me,anger
i do not worry about every nuance of my day and its presentation to others less little things to worry about and that makes me feel less neurotic overall and less likely to trigger psychotic episodes as well,fear
i must find a way to accept these limitations until they are older without feeling held back or resentful,anger
i feel i hate him like i have never ever hated anyone like that but i cant stop looking at his existing symbol,anger
i am feeling quite pleased with myself as this was something id never done before,joy
im feeling every bit the spiteful vindictive bitch i can be at times,anger
im still feeling a bit shaken,fear
i read which i feel i didn t need to read makes me a little grumpy,anger
i sympathize with this person but i also feel a bit skeptical the theme is loss because everyone looses,fear
i was feeling anxious about my yoga homework,fear
im wanting you to look at me that it makes people feel ok to ask questions,joy
i feel cared for and accepted,joy
i was okay but thats an awful feeling to be falling with no way to stop it maybe thats why to this day im so afraid of falling,fear
i also love seeing a star emerge and i feel like in a few years everyone is gonna know and i can be one of those people who says obnoxious things like bah,anger
i dont like the way i feel when i am angry,anger
i feel can be really popular in the underground if they get themselves out there and thank god for this i m looking at you toby and tunji,joy
i came home one day and discovered that my sister had borrowed my car and had gotten into an accident with it my entire front bumper was destroyed,anger
i don t feel greedy of worldly things so it s not a big deal,anger
i feel like im the only one there with a brain not to be rude but i refuse to sit with loud and rude people so i sit alone with just myself and a good book,anger
i feel like i can take on the world and even if it says no to me i wont be afraid and will not be discouraged,fear
im feeling very bitter against knight in shining denim because i asked him a year ago to go to the gym with me and he wouldnt spend the money,anger
i feel just insulted,anger
i did the yelling the feeling of being extremely mad,anger
i feel so determined this time and i say this time because i have tried every diet under the sun,joy
i feel really nervous about losing it i print the file out on to paper as a final security,fear
i would feel so excited waiting for the mailman to come to our house handing me these letters,joy
i feel like posting something clever problem is of course im not an extremely clever person,joy
i feel inspired to get back to my indigo pot,joy
i now feel i can advise other dads whose children will soon become teenagers it s not cool to pull up to your kid s high school to pick them up in a smelly jalopy with plants coming out the windows,joy
i put forward to all their social diktats make them feel i am rebellious towards their authority,anger
i get the feeling shes amused by all of this,joy
i ran upon it while looking for a cute saying to add to address change cards planning ahead and feeling positive,joy
i dunno how it feels to be completely happy the real world has taught me about struggle but what i m going thru is nothing close to struggle,joy
i have been feeling really creative and have been trying out new things,joy
i quite dig the subdued tone and plot direction i feel a reluctant emotional bond with the show,fear
im feeling shy im feeling mad im feeling sad,fear
i face turn red and feel shy emm no,fear
i will scream or cry when theres too many ppl but i feel insecure and wanted hide from them and i will sweat a lot,fear
i happened to see the videotape movie this is america part one at my friends place,anger
i now feel everythings been resolved were psychically galvanised and prepared to wrestle the world to the ground,joy
i hope you enjoy reading and please feel free to leave comments,joy
i bet taylor swift basks in the knowledge that the boys she writes songs about probably feel tortured,fear
im feeling so pissed off now,anger
i felt like i had went so far now it feels like my world was shaken just the other day,fear
i feel reluctant to talk about an issue which is so immediate especially as one cannot make too much of a difference about it individually but what i can do is to spread the word,fear
i feel there are other options that not as violent probably more costly yet equally futile so whats the problem with keeping our men and women out of harms way,anger
im feeling pretty paranoid and trying to cover the cash and protect my belongings it definitely felt like i was doing something i shouldnt be doing like money laundering or something,fear
i hadnt been feeling well all week in calgary so with this added relaxation in the first run of the second race i set another pb time by almost,joy
im years old and i must admit that it has made me feel uncomfortable,fear
i can walk down another street and stop feeling helpless and hopeless,fear
i feel i cant talk move sometimes even breath with the fear of some kind of rude hateful comment,anger
i was feeling pretty cranky this morning and stopping in here really made me feel a lot better,anger
ive been feeling weird because i am weird,fear
i cannot wait to be human again ahkman to feel your kiss but i am so frightened,fear
i feel more reassured now,joy
i didn t for one minute feel intimidated or stupid,fear
i feel i can divine the future if only seconds in advance,joy
when they changed my office to another room without my agreement,anger
i feel like im still just caught in the rat race living a morally acceptable life without actually doing anything to serve you or live from a fire consuming heart,joy
im feeling jealous just thinking of you all wrapped up all clean warm and soft,anger
i think is i told my dad and now he feels skeptical about us,fear
i feel irritated a lot,anger
i feel like i am really grouchy and some days i get in moods where i feel like it is me against the world,anger
i do not feel overwhelmed nor rushed,fear
i always think of you as such a violent band violently feeling violent lyrics musically violent,anger
i cant help but feel distraught,fear
i feel so honored to be nominated for this award,joy
i have now lived in virginia for about eight whole months and it feels super weird,joy
i feel as if i m one of the stubborn ones,anger
i ought to consider this change a wee bit of a little step backward but i am feeling so much more afraid than i should be,fear
i personally feel a little offended i put millennia of brainstorming into those particular three vices,anger
i am feeling a combination of smug and happy,joy
i proclaim to have lost a bit of my sanity and feel so shaky,fear
i felt like spock amongst a world of humans it was difficult for me to reciprocate feelings for someone because i was so terrified of being hurt and i refused to let other people into my world,fear
i was feeling impatient and took pills,anger
i feel extremely honoured and flattered that you are turning to me for advice in this matter and hope that i can help you with your decision,joy
i take lightly but if youre like me you re probably feeling a little skeptical of product that is being sold on the internet as the way to become successful online,fear
i feel so jakun that amused me for whole minutes,joy
i get the feeling that nellie is satisfied that the phone rang happy that leslie is out of the room now,joy
when junior doctors returned to work after bunking them,anger
i pray that the eyes that read this the minds that comprehend this and the hearts that feel this will not be offended,anger
i was feeling kind of hesitant about food which sucked because we were going out to dinner that night followed by drinking,fear
i strongly feel that at this point in my life i am no longer desiring to walk this path that i am on and to be truthful i have no clue as to where i am going with my life from here,joy
i feel compassion for them and understand why they feel insecure,fear
i am so thankful that though things are a bit overwhelming he has sent people into our lives to help me not feel so neurotic,fear
i nodded proud of my decision to procure a pump feeling slightly smug,joy
i know you cant just ged rid of your feelings but seriously i dont see your parents supporting you dating a guy who s their age,joy
i feel very apprehensive,fear
i really do what i feel like doing about of the time they get mad,anger
im feeling very uncomfortable which isnt helping im sure,fear
im not emo ing no no no haha i am feeling happy instead for being able to meet up with them,joy
i must say i did feel something very special being there,joy
i perform a submarine cartwheel before i feel a violent tug on my ankle as my board gets hauled towards the beach,anger
i hate talking about presents because i feel greedy,anger
i thought this was a good idea in that it gave you time to recover if you were feeling nervous or overwhelmed and also gave you the opportunity to make your escape if you felt so inclined,fear
i feel each time one of my posts gets massively downvoted pagetitle rugmi popular images of the now,joy
i keep seeing facebook updates of friends who get to go and i am feeling rather envious,anger
i know shes right because i feel more energetic awake patient and happy when im running daily but i still feel a little bad too because i believe breast milk is so much better for babies than formula,joy
i feel less agitated but a bit more sad sometimes,anger
i am feeling so ridiculously uncomfortable these days the rising temperatures dont help and i have added wicked heartburn to the list of things keeping me up at night,fear
i can understand that you may feel youd rather not do your bit for the vulnerable and homeless in london in that precise way,fear
at a certain situation i felt myself neglected and undeservedly harmed,anger
i feel their pain and its not pleasant,joy
i wake up in the morning and have my voice and my throat feels ok but by the afternoon its all scratchy again and i sound like marge simpson until the night when its so bad and my throat is so sore i just have to whisper,joy
im feeling generous again here it is in its entirety for free consumption,joy
i did not feel dangerous enough to get in,anger
i can t show my feelings well to my family and to the fans either,joy
ive grown as a mother and treasure my role in this family now whereas i used to second guess myself a lot and feel very unsure of my maternal skills,fear
i don t want you to feel pressured into making love,fear
i apologise in advance i m feeling somewhat angered and stressed and the following is just going to have to come out,anger
i flung into my suitcase at the last minute didn t break on the crossing over or explode in the pressurized cabin so thus far i m feeling pretty splendid about things,joy
i feel pressured at times to succumb to fear and insecurities but thankfully i am still able to hold it on my own,fear
i feel like i should be suspicious of her but im just so happy to see her,fear
i hurt their feelings for refusing to listen to their spiteful hurtful sniping at others,anger
i do feel though that its pretty dangerous to try to apply only one strategy to a match,anger
i couldn t feel anything other than some strange tugging so i was relieved to say the least,fear
i just feel sooooooooooo fucked up at this moment,anger
i can go on not saying anything and feeling petty but it seems that this load is gettin heavy,anger
i wear makeup not only to reflect how beautiful i truly feel on in the inside but also to break the stereotype of the nerdy timid out of the loop woman in the sciences,fear
im feeling a little more hopeful about my future and like matty always says i want my world to get bigger,joy
i feel completely honored to be an influence to this young talented fully alive beautiful girl woman,joy
i feel instantly glamorous just pulling it out of my handbag and sachaying it about for all to see,joy
i know you contributed to my success but i am just feeling petty enough today to ignore those contributions,anger
i don t want to cry either because i know she ll think i feel tortured having to eat the black part of the rice,anger
i have eaten at many restaurants and feel that we enjoy the cheaper but much more delicious eateries than these more elegant but lacking in spice and flavor places,joy
im feeling shaky and feverish and mad,fear
im definitely feeling festive,joy
i truly feel that the portrayal of jesus in this movie was gratuitously violent,anger
i feel really anxious,fear
i was feeling out of sorts anxious not sure what to do with myself,fear
i feel that they are just saying these things because they dont want to agree with me and be rude,anger
i mean already as a parent from the moment the iolani left my body i can tell you i feel like im constantly fearful for something horrible happening to her thats out of my control,fear
i feel less and less the feeling of fear and being afraid and scared,fear
i love autumn and everything that comes with it although i feel i am getting excited for christmas way too early this year me and my friends including a href http andthenwear,joy
i start feeling angry i need to actually stop and figure out what im really feeling so i can deal with life in a more balanced way,anger
i feel like a petty murder shoudlnt be punished nearly as heavily as human beings who are constantly shitty to other human beings,anger
i as many others are feeling helpless that we as a world can not hold the grieving parents hands especially the mothers and grandmothers of nigeria as they desperately wait for assistance to have their girls return back home safely and let their laughter ring out through their home once again,fear
i was working at a certain place and everyday after work dad would come to pick me up one day he did not come,fear
i wanted to get a pumpkin spice latte this morning but it was hot and the last thing i wanted was a hot coffee maybe i am feeling a little bitter,anger
i pleading to people and feeling distraught that they dont hear,fear
i feel we are getting into dangerous territory when we simply ignore the parts of the constitution we don t want to follow or create extra constitutional bureaucracies,anger
i still wake up every morning feeling so blessed to be here and unable to believe im lucky enough to be able to call this amazing family mine for life,joy
im feeling gently hesitant about posting these photos because this time the race slapped do not copy on every picture,fear
i feel wimpy for complaining about taking credits this semester because i know people who took credits regularly but man this sucks,fear
i feel that im fine without him,joy
i am sure everyone of us felt that feeling at least once while some of us might get agitated easily,anger
i want her to feel energetic and rested,joy
i often feel offended by life,anger
i feel like we are a creative home truly painting while they are in there making music,joy
i make the trip i feel a strange combination of excitement and dread,fear
i know that feeling myself the strange sense of serendipity where minds collide between pages,fear
i feel frightened i hear a mighty roar,fear
i dont want to approach this topic too lightly but at the same time i feel apprehensive putting it all out there,fear
i am feeling so grumpy today,anger
is name in the opening passages saying it may strike the reader as rather singular and far fetched but he may feel assured that it was by no means far fetched and that the circumstances were such that it would have been impossible to give him any other name,joy
i did feel a little less inhibited in class tonight,fear
i will adress those issues and attempt to reason with them so they may feel less threatened and more supported and loved,fear
i smoothly hand her a twenty feeling smug that they are both interested,joy
i no longer have that angst inside me the kind of yelping passion and feeling of being wronged or what have you that drove my initial connection to emo,anger
i could even think about it i said uh well most days i feel like im being tortured i want to pull all my hair out and scream so i guess not,anger
i feel uncertain about everything,fear
i believe that what was displayed is a deep emotional yearning for semblance of normality peace since it appears the dancing arabs did not feel threatened by a fully armed soldier,fear
im just really hurting and feeling a bit overwhelmed,fear
i no raphael says grasping for his usual eloquence and feeling it slip from his fingers with spiteful ease,anger
i realized that constantly checking my phone and multitasking made me feel rushed and ragged by the time i reached my destination even if i was talking to someone i really like,anger
i were feeling energetic so we decided we were going to bike to the rest of the temples,joy
i feel most apprehensive about each week probably because it is the one most likely to unavoidably show me my shortcomings as a runner,fear
i always feel so delighted to know that there are so many other people who are just as inspired and in love with the old fashioned graphics and illustrations as i am,joy
i feel terrified of the future,fear
i would not feel as shaken if i were appreciated for at least a tiny bit,fear
i feel i ve been wronged luckily i managed to control myself and not complain or talk bad about the friend either online on facebook or offline in person,anger
i am feeling rather artistic and felt like sharing some of my artwork,joy
ive played fps games and each time ive left feeling like it was an mentally emotionally dangerous thing to do that i had to switch off an important part of my brain just to play it,anger
im feeling very grumpy this week but its not just my annual outbreak of ptpt pre te pouhere tension there has surely been a great deal to be grumpy about this week,anger
im feeling irritated by her friggin name,anger
i dont know about you guys but i certainly feel fabulous about myself,joy
i want to wimp out on feeling outraged,anger
i did not feel its strange effects no more,fear
i feel strange out of sorts and i wont resort to this again,fear
i feel a strong connection with another human being and i want to spend more time with her,joy
i aint pissed angry mad or anything i just feel pretty much fuckin insulted,anger
i feel really wimpy saying it but,fear
im just feeling bashful whenever i talk to you,fear
i was feeling pretty wiped out mentally amp physically i was determined to get some oxygen to my brain,joy
i got the feeling she hated that that i would not admit it let it in i know ive hated every single obstacle that kept it from her every single leaden block that kept being placed in our once clear path to one anothers arms,anger
i wish i did more of because every time i do i come away feeling invigorated and inspired,joy
i also didn t feel very weird sleeping in my bed while the two of them slept in hers,fear
i didnt feel angry i didnt feel bitter i felt,anger
i was feeling like a beluga whale and quite grouchy,anger
i feel strange putting a review in this post so ill keep it brief,fear
i feel less aggravated and upset today i think i realized that its just not worth it it proved to be wasted time and effort pointless and stupid i am fine with not knowing him im uneffected for the time being at least,anger
i feel there are dangerous games or activities,anger
i feel a bit reluctant having to say anything at all because a popular blogger who i share similarities with had beat me to the chase,fear
i feel like we rushed through this weekend,anger
i secretly well i guess not secretly anymore feel insecure about this but at the same time want them to learn how to come up with common ground by themselves,fear
i didnt feel that way with this we got to be with everyone on the dangerous path to freedom,anger
i feel jealous of everyone who has the chance to meet you everyday,anger
i receive the good news in joy like the magi or do i feel threatened by gods message like herod,fear
i feel like reading anansi boys again its gorgeous,joy
i was having a horrible day and decided i would only feel better if i didnt have red hair anymore so i immedietly went to wal mart and found a box of hair color with the description soft dark brown,joy
i feel contented staying grounded and take it slow as i build up the little things that comes my way,joy
i just make assumptions based on what i see think feel i ve wondered this before with strange things,fear
i feel petty even though the thoughts arent real fleshed out thoughts just these fluttering i should feel like this kind of thoughts,anger
im so relieved and feel so much more like myself now that this is resolved this being almost nothing at all actually just some weird energy and i cant wait to be back at camp even though ill be hacking and coughing and spluttering all day long,joy
i have an uncomfortable feeling that there actually was an important lesson there for me to learn,joy
i was going to be loved made me feel a woman like me could be valuable that i stood a chance there was more out there and told me that i could get over him it was a lazy bandaid where i didn t have to better my character i could just hope,joy
im feeling like there are no casual dylan fans,joy
i just feel cold and drained all the time im either hungry or tired or cold at the moment and it sort of sucks,anger
i am is cornish and i feel so insulted and hurt to know that people my own age dont see what i see dont understand how much cornwall is important to their lives,anger
i feel really honored and excited to have met her,joy
i had this strange feeling that she was incredibly distressed,fear
i feel uncertain and not entirely safe,fear
i think back i feel like ive been spending a lot of time running around aimlessly unsure of where im going or why im doing this,fear
i was still feeling weird about the day before,fear
i feel honored by it,joy
i somehow feel more vulnerable without it,fear
i feel and yet your still hesitant to tell me,fear
i am going to feel annoyed with myself,anger
i feel so contented so fulfilled,joy
ive been hearing about too many things happening back i singapore and it gets me feeling irritated and depressed about not being able to be there,anger
im contemplating and feeling skeptical,fear
i guess you could say i am teeter totering right now on the edge and i feel like im dangerous,anger
i feel afraid to have a voice and im just a guest,fear
i started feeling like i was being paranoid since it kept happening,fear
i feel paranoid,fear
i feel furious that right to life advocates can and do tell me how to live and die through lobbying and supporting those politicians sympathic to their views,anger
i guess a similar viewpoint might be when we feel smug or better than someone else,joy
i do feel like less of a person when i constantly hear family members use hateful language every time anything even remotely related to homosexuality comes up,anger
ive had a rather average career because i decided to work less to earn less no rolex anywhere to be seen but have managed to write and even publish some of the short story collections and novels i have in my mind and on my drafts today i will feel successful,joy
i seriously hate one subject to death but now i feel reluctant to drop it,fear
i feel like things are getting a little overwhelming a few spritz of this toner really helps calm and soothe me,joy
i feel times less bitchy,anger
i could feel that strange paralysis all over my body arms and hands except this odd little force field was not holding down my middle fingers forefingers or thumbs,fear
i feel like i need to be some tortured soul in order to create words or whatever,fear
i checked on you was a long time ago i can say you were happy way back then feeling contented with everyone and everything around you,joy
i feel like i ought to be working on casual activism but that construes something that is potentially stressful so there wont be any update tomorrow,joy
i think whenever we moved to a new place i had to find some way to feel accepted,joy
i feel intimidated by these colleagues of mine,fear
im feeling generous ahahahaha im so morbidly funny,joy
i feel frustrated for her when i read those chapters,anger
i established a rule with my comp that we don t end planning session at the end of the day until we resolve all conflicts or any feelings of anger or anything that bothered one of us to each other and fix whatever it was,anger
i am feeling pretty restless right now while typing this,fear
im feeling a bit less anxious about it all now and im actually starting to look forward to the challenge of the big event,fear
i feel uncertain about,fear
i have this feeling that if i have anymore vigorous sexual activity in the coming yes i misspelt that as cumming days parts of me will begin to fall off,joy
i started the dew beyond having a positive showing of the south to encourage writers from all experiences and levels of advancement to feel comfortable sharing their work,joy
i was so honoured that this young woman felt comfortable enough to ask me i had kind of a faux hawk thing going on back then so i must have looked dykey enough for her to feel safe talking to me,joy
i spent the first couple of days feeling a bit restless so i kept myself busy with cleaning and organizing etc,fear
i am back in the shire and although it is lovely to be reunited with fields once more i am feeling a bit restless and missing london life,fear
i had begun to feel apprehensive when thick black rain clouds stormed into the sky above town,fear
i feel too selfish to talk about you to anyone else thyroid for i do not want them to think i am just dramatic and whiny when really it is just hard for them to understand that yes someone can look fine and still feel terrible,anger
i feel disgusted by the ugliness of the current society,anger
i woke up feeling all frustrated and upset again re enacting the moment i had to succumb to the docs insults and arrogance for a favor to clarify truth about my health,anger
i feel all rushed to get ready for tomorrow,anger
i understand that every memory is something precious and that i should cherish it but at the moment i feel disgusted at how i had become during that time of my life,anger
im just feeling that dating is an important part of growing up,joy
i did sleep last night however but woke up at am feeling splendid other than sniffles and itchy throat and just wasnt sure how i could be so awake,joy
i am working on one thing that i feel unsure of completing,fear
i am afrade for his life as some people feel quite hostile towards him,anger
i want to be irreplaceable and until i find the person who makes me feel that way than i think id rather stay single because if im not your number than whats the point i refuse to be just something you settle for maybe im just stubborn but its how i feel so idrc,anger
i feel honored that you accept my invitation,joy
i should have known better if you are traveling with the military and you feel satisfied there is definitely something wrong,joy
i was escorting a relative on a bike,fear
i started feeling hostile and i am checking my hemorrhoids,anger
i remember feeling a bit confused and really questioned her saying that to me,fear
i feel like my meds arent working correctly and idk its weird,fear
i feel less bitchy in the morning,anger
i feel like you will be completely satisfied with the results,joy
i constantly feel lied to and wronged by them i love these people to death,anger
i feel so bitchy suddenly,anger
i feel like it would make the startled person laugh and think it would be a nice eid gift,fear
ive been feeling a bit overwhelmed with the whole marathon idea lately,fear
i feel like people seem to be intimidated by me or this blog,fear
i have noticed that if i go with out i start to feel irritated at him or easily annoyed by the things he does i feel this tiny ache inside of me almost unnoticeable the first few days as if a tiny hair had burrowed its way into my foot,anger
i feel like being sociable anymore,joy
i feel as weird criticizing this game as much as i feel weird praising it,fear
i feel like he counted my letter as one supporting the current status quo which to say the least is not what i stated,joy
im feeling nervous about it,fear
i guess she didnt feel the need to rescue her son from the vicious man eaters,anger
i feel so invigorated when its cold,joy
i feel especially strongly about this since i have hated my teeth forever i was one of the unlucky ones who got bad genetics and an even worst orthodontist and pediatric dentist,anger
i can t help but feeling weird when opening every closet in an apartment that somebody s still living in so i didn t,fear
i feel have a fabulous birding weekend everyone,joy
i feel more lively,joy
i feel that cold breeze,anger
i feel as though i cant bear the motion of quilting it even though the idea of it delighted me so only a few days ago,joy
i didn t feel particularly mad of course they say that when you are going crazy you really feel like you are becoming more sane,anger
i begun to feel distressed for you,fear
i am in front of a blank canvas i feel calm and focused,joy
i say that i feel like im hated,anger
i feel to being distracted with things that take up my attention or interests that keep me from more focused times of prayer and reading his word,anger
i have the feeling i am going to be tortured tonight,fear
i was overwhelmed with joy when i received the acceptance letter to unza this happened again when i passed all my first year courses,joy
when i nearly caused a traffic accident with my car,fear
i feel very comfortable with this decision,joy
i feel so self satisfied proving that i can get by without my car and i am not one of those typical americans who is so dependent on their car and foreign oil,joy
i am not really in financial straits yet so why do i feel so insecure,fear
i didnt feel there was anything special about it,joy
i feel uncontrollably agitated and i have no idea why,fear
i feel poles are most useful in pairs all price and stats in this review are for two poles,joy
i am sitting here feeling a bit grumpy moanday blues anyone else feeling this way too,anger
i feel poisoned and tortured by this room,fear
i was feeling paranoid as fuck thinking people would be out looking for me,fear
i am here again feeling confused of what is happening around me looking for a plane to grasp a reality to settle that feels like it is my own,fear
i feel if not resolved soon enough will have a damaging effect on all the hard work my girlfriend and i have put into our relationship,joy
i feel like a paranoid stalker or something,fear
i suppose if one were to love someone one would feel doubtful,fear
i know it signifies him feeling not dangerous secure and relaxed so i don t guess it is causing him any undue stress,anger
i feel like i m on a roller coaster of craziness but i keep in mind that my throne is precious to my lady and i and i will do anything to keep it the way it is even if that means killing the people around me,joy
i may be starting to feel paranoid or maybe insecure but im just a mere human being who yearns to be loved to be cared of and to be noticed,fear
i feel stressed out i have to learn a lot and i cannot give my blog and looks the time i wish i could,anger
i see each time you is what feel i am very anxious to to living to eat you,fear
i range has always been giving you feel reluctant to select your spray for anyone who are to select and exposed variants,fear
i still feel uncertain with many new paths i must travel and as lost as i feel sometimes i am sure heavenly father is lifting me up and helping me to feel joy in the things that matter most,fear
i havent been able to squeeze in a run for two weeks so i am feeling really cranky lethargic,anger
i know i won t last long being ambulatory i feel it even though i try to be as positive as i possibly can,joy
im looking good and feeling good other than this crappy cold im dealing with,joy
i have not spent that much time with them but i just don t feel that comfortable there,joy
i could feel my tremors coming on and i started to get real shaky,fear
i often feel so distressed and freaked out whenever my child gets sick,fear
i feel my life being threatened by illness i lose my mind,fear
i think i have a good feel for what players are feeling and i just try to help them to do one thing in life that we all want and thats believe and if you believe strong enough good things can happen washington said,joy
i tackle political ideas only when something makes me feel angry and even then it is often personal,anger
i feel so vulnerable,fear
i told him that if he touched me with a needle i would punch him feeling a little hostile in the midst of my pain,anger
i feel rude feel free to grab the seat next to me,anger
i am feeling honored grateful and blessed to get to spend each day with these remarkable th graders,joy
i feel so peaceful so i know i made the right decision,joy
i will admit that i do feel a little envious when i hear of young writers who do so well,anger
i would feel a violent stab of loneliness,anger
i feel like i only get mad if i think someones doing something thats really unjust,anger
i remember a totally different feel having been a faithful dukes watcher growing up,joy
i always notice even though she is fabulous at hiding it according to the rest of the world and feel it keenly and am greatly distressed,fear
i didnt feel like moving around things were going just fine by themselves,joy
ive been feeling far from perfect in the area of motherhood,joy
i feel very helpless if i do not have any goal to reach nothing to achieve,fear
i have spent the last few weeks feeling sort of uncertain if you will,fear
i do and it is really starting to make me feel really distraught and upset all the time,fear
im feeling it would be obnoxious,anger
i feel overwhelmed or a little blue usually around that time of the month but i manage those feelings well,fear
i was feeling pretty hateful towards my refrigerator as i cleaned it,anger
i still feel tortured by feelings or thoughts or memories,fear
im still feeling a bit shaken up,fear
im more than ready to meet this little man but knowing that time is running out leaves me feeling a little apprehensive,fear
i came home from work today feeling satisfied that work went alright,joy
i am waiting for a feeling that special feeling that makes life easy and bearable,joy
i feel very lucky to live in a warm home with the three people i love most,joy
i feel a part of the family of the universe rather than fearful of it,fear
i feel afraid i hold tighter to my faith and i live one more day and i make it through the rain,fear
i doubt theres any greater reluctance by federal authorities to employ tear gas and plain force if they feel threatened,fear
i am feeling a bit apprehensive about carrying an amount this large without any protection,fear
i landed in dubai that i started to feel ok about coming here,joy
i feel more confident about this team right now than i did four hours ago,joy
i have been feeling very shaky and weak and light headed starting from yesterday and this morning when i woke up i couldn t breathe properly no matter how many deep breaths i took in i just felt there just wasn t enough oxygen going in,fear
i grappled with was guilt that relatives and friends who usually communicate with me there would feel like i was ignoring them and i felt selfish still posting my burlesque and blog updates there without liking their photos and links,anger
i know there are days in which you feel distracted,anger
i was left feeling bothered by it for a long time afterwards,anger
i are feeling somewhat indecisive about what we want to do to celebrate our anniversary,fear
i feel mad whats your,anger
i feel he is sincere and repentant for his past opposition to civil rights,joy
i was yelling to the group in front and not getting an answer and getting increasingly concerned and feeling increasingly frustrated with those lagging behind despite repeated explanations and pleas from me regarding the need to catch up with the advance group,anger
ive ever invented hail ember and flake are probably the three that are the most me so this story feels especially vulnerable,fear
i would accept your gift without feeling mad,anger
i feel very carefree xd,joy
i am currently but i can t even do that right now without feeling indecisive and tied to school and writing and assignments,fear
i just feel so wronged and sad that i cant even have the space i want,anger
i always conceal my real true feelings because im afraid of being venerable and taking advantage of because well that happened before and it really destroyed me,fear
i sat down at the computer feeling nervous excited and more than a little silly,fear
i had hoped to not feel the weakness to not be bothered by every song every joke i hear,anger
i have a feeling that christ welcomed corey and then whispered youve got some work to do son,joy
ive always been very nervous to do something like that as i feel like i am not really that talented to enter something into an official contest,joy
i feel like i ve been neglecting my beloved mom blog,joy
i needed a plan on how to get rid of that feeling it was totally taking over everything i am totally distracted at work with everything i m trying to do in any free time i have in the evenings the projects are taking over my life and the fact that i totally feel burnt out by it all,anger
i resent people shaming me and telling me how to feel a more productive alternative give me the facts and let me think for myself,joy
i didn t want them sending me crap i d feel almost insulted to win and embarrassed for whoever made it like in oregon,anger
listening to my roommate boasting about her new clothes,anger
i havent been measuring out food drinking nearly enough water tracking any fitness and overall i feel completely shaken and unfocused because i dont feel like my foundation is steady at the moment,fear
i feel so like distraught and lost being there,fear
i feel the pain of this in ways that only a tortured ti could possibly understand,fear
i started to feel apprehensive about it,fear
i feel a world class player in the benzema mould would be fantastic,joy
i feel frustrated lonely or am having a hard time i think of elf and regain my strength lets spend together you guys and the other member for sure,anger
i am hoping the running thing works out like the numerous success stories i have accumulated but so far i am not feeling hopeful today,joy
i am feeling terrified anxious excited and apprehensive among a million other things,fear
i feel ok much better and stronger than i did a few weeks ago,joy
i think people reject their feelings because they re terrified of them but the truth is that once you see that you can t die from them and that they actually go away they re not so scary,fear
i feel really lucky to have found you as a resource and have always felt the answers i needed were there for the asking,joy
i don t know why it is that i feel awkwardly hesitant to return to melbourne,fear
i actually answered you pathetic fucking e mails but no thats too fucking easy just call andintrupte what was a wonderful fucking day with you trad trash what the fuck slave he felt the feeling come over him he bagan to shiver and shaken with fear,fear
i feel frustrated and upset and demotivated when i dont see a whole picture of the curriculum that im studying for example english class,anger
i feel i am a heartless cold bitch,anger
i feel more satisfied with what i eat i feel full longer and i dont feel like snacking later,joy
i remember just knowing you were crazy in love with me without a shadow of a doubt and you made me feel gorgeous always,joy
i feel so uncertain about everything right now,fear
i feel really successful for the fact that i read series books this summer that actually counted for the challenge finishing six total series,joy
i was actually feeling very distressed,fear
i feel not heartless because my heart hurts so i still feel it i feel so much pain,anger
i have an overwhelming feeling of sadness that there are people in this world that are so hateful,anger
i checked out the lyrics i realized that this song was talking about getting high and dreaming it supposedly inspires creativity and makes you feel real good,joy
i want to get up in the mornings feeling excited about going to work instead of wanting to hit the snooze button,joy
i feel so uptight about it because i know you hate it and are constantly trying to catch glimpses of the tv in the window and listen to it,fear
im feelin spiteful so well actually visit my house to watch rally finland,anger
i tend to come away feeling insulted by books that deny them,anger
i never ever thought about not blogging about books mainly because i think you should blog about something you feel passionate about and for me thats books,joy
i start to feel agitated,anger
i cant really explain the feeling i get inside when someone is mad at me,anger
i believe in you moment we all feel til then it s one more skeptical song,fear
i remember feeling paranoid,fear
i just remember spending hours trying to bump my score above the mark and feeling frustrated by the questions they were a mixture of professor generated and usmleasy ones,anger
i feel this is very dangerous,anger
im feeling rather pleased with myself tonight because i did that,joy
i feel like more people should be brave enough to speak up against the non standards of the self publishing market because all the authors i know work so damn hard and they deserve better,joy
i dont even know how to express how it made me feel these kids were so appreciative of the fact that we were coming there and it was very heavy to think that maybe our music gave them a little something to grasp on to,joy
i just love the colors and the way the yarns feel i also love supporting small businesses and it allows me to provide quality products in my own shop,joy
i love comments so feel free,joy
i feel like she was bitter towards people who were in upper class just because they were in upper class,anger
i know it seems strange writing to you after all this time and i honestly feel appalled at my behavior as a mother,anger
im feeling deeply overwhelmed by these ordinary tasks,fear
i try to hold my tongue try to see it from his point of view but inside i am feeling agitated and irritable about all this pressure to please him when i cannot seem to get my own self in order,fear
i remember when this was all feels the most generous place for charitable donations in the uk is andover thats the last sodding time im having dinner here at the nuclear plant staff canteen,joy
i wont go on about the anxieties i am feeling about this is being as neurotic as me about this,fear
i don t feel like eggs benedict i ll have something equally delicious,joy
i feel fearful because i dont know what is going to happen next in the course of me recovering,fear
im currently trying to implement these changes into my life and i already feel more valuable to myself and my business to my family and to myself,joy
i closed my eyes tightly and covered my ears and thank god i woke up before i apologize for the brutality of my nightmare it left me feeling shaken and nauseous to say the least,fear
i saw that i had the last spot on the tour and that i was going to be wrapping the whole thing up i must admit to feeling a little intimidated,fear
ive had where i feel good enough to work the whole shift possibly the whole day,joy
i feel so extrememly bitchy today that ive done something i have never done in my years of life,anger
i walked into the dawn treader feeling fairly skeptical and walked out with three great books one was a hardcover book in japanese that i picked up for my mom for,fear
i am now feeling delighted to have a bigger definition of magic,joy
i cant sleep and re read happy posts and i go past the one about picnic day and i get so happy im like james you make me so happy i love you and then repeat as soon as i feel jealous,anger
i feel tortured by this sense of wrong,fear
im getting the feeling that my classes are a little intimidated by the concept of a lit,fear
i feel like the fans see the girls as wimpy and not as good as the guys,fear
i have been feeling restless lately,fear
i was thankful to at least feel well enough to sit with my husband and kids at the table even if it was only for minutes before i felt like passing out which carson actually accomplished into his sweet potatoes no less poor guy was sooo tired,joy
i didnt start feeling nervous until friday and on saturday i didnt feel as much nervous as scared and respectful of the enormous challenge that laid before me,fear
i am energetically pursuing my goals or i feel agitated and unable to sit still,anger
i feel so rude i thought as i dialed my house,anger
i feel like by being so timid ive lost a lot of opportunities to make connections with people that ive wished id made connections with,fear
i can describe what happens to me is that i feel shaky,fear
i feel tortured when i hear them talk or sing or laugh or cry,fear
i mean their puzzle section is about on par with my coffee numb mental faculties right now but still crosswords shouldnt be able to make me feel that dissatisfied,anger
i do feel irritated at times because he tried to hold me and stuff ill push away or not throw temper and shout at him,anger
i cant explain how proud of him i am and the feeling of seeing him so determined each time to win,joy
i feel really joyful img src http s,joy
i not seeing and feeling the divine,joy
i have been highly critical of dennis covingtons book in this article i must admit that he did say something that has merit in this discussion when he noted in his closing chapters this feeling after god is a dangerous business,anger
im so full of life i feel appalled,anger
i love wearing new shoes i just feel so glamourous and when i get a pair of designer shoes i love the box and all the trimmings that come with them,joy
i have decided that i will not let the feeling demotivate me and here i am with all my enthusiasm and this diwali special recipe,joy
i feel you are very charming but do the other people feel very terrible,joy
i will close my eyes and recite the following mantra every day and whenever i m feeling unsure frustrated or shiftless with my progress towards my top body,fear
i think she apologizes for a little too much stuff that s not in her control i get the feeling she was sincere about this one,joy
i could walk at a slow pace browse each booth as long as i wanted and dart in and out of the shops on main street without feeling rushed,anger
i really like the job so far and i feel like i am genuinely putting some good out into the world,joy
i feel like a failure like i m so fucked up that i have to be medically managed,anger
i know those feelings stem from this part of me that is not accepted mainstream more importantly in the communities to which i seek belongingness,joy
i feel like im not as stubborn,anger
i know im quite selfish but sometimes i feel like i dont want to throw everything just for something that is uncertain,fear
i feel for the natives who welcomed me and others with open arms and hearts back then and wonder how they cope,joy
i feel like the town loner with all of the things i ll need that day in a suspicious bag,fear
i feel apprehensive about the ride ahead,fear
im feeling a bit bitchy tonight so i will be,anger
i always feel jealous,anger
i can t stop thinking about it i feel paranoid like they re judging me i know they re probably now but i just feel that way,fear
i feel tortured by all this and im not quite sure how to handle it other then getting drunk non stop so as to not feel anything at all,fear
i feel i can step into the world of men with a dignified stance,joy
i feel violent wanna kill someone anyone or kiss them,anger
im still waiting for my new fairy lights to be delivered but i couldnt wait to get the tree up and make the house feel a little more festive,joy
i feel weird when yuuki talks to other girls,fear
i feel sure a new necklace will come from this afternoon of beach combing,joy
i feel hesitant about talking about this,fear
i feel bitchy today its as if today i realized that i couldnt count on any of my friends anymore,anger
i say that i feel like im being tortured by him,anger
i think it is easy to feel afraid when one considers the nuclear weapons the weather the protests the riots the police reactions the governments responses or the laws being passed,fear
i could feel was peace which was welcomed after a week of packing saying good bye and dealing with an overwhelming feeling of displacement,joy
i go from your presence from praying for wisdom and patience and feel so instantly furious,anger
i drive home i feel like a petty thief having just stolen the exposures crudely stuck in my camera from the ancients,anger
i didn t feel like i was popular but i did feel confident,joy
i am so grateful to feel the energy of life within my body to feel the pleasant vibration in my hands feet body and head,joy
i feel like a positive ball of inspiration,joy
i feel are chased away by the friendly hand that clutched mine,joy
im also feelin a lil uptight and sucky lately and you know the reason,fear
i still have cramps plus i get really dizzy when i stand up and my whole body is aching and i just generally feel extremely uncomfortable,fear
i whipped my stuff up from my station and fled to the underbelly of grand central desperate to find a subway map feeling disgusted with how upset i was over my frazzle y meltdown,anger
i didn t need to mention our difference but i was feeling very vulnerable because of the differences and was having a bit of fear that in someway i am doing something wrong,fear
i feel almost outraged that such a crap day should fall on my most favourite of days,anger
im feeling lucky width li style border px list style outside margin px px,joy
i feel energetic and bouncy i m more than happy to go to the gym run around outside with my kids or take the pram for a long walk often i do all three in one day,joy
i feel glamorous rich enough for enriching my perfume collection even more haha,joy
i feel very envious,anger
i feel re invigorated and full of ambition,joy
i kept doing research on bathroom renovations and all that research just resulted in me feeling more confused than ever about to how to go about tackling what to me felt like a mammoth task,fear
i did feel ecstatic as i no longer belong to that school,joy
i always feel pressured to socialize or i get eight missed calls and some texts from my host brother in the span of an hour,fear
i need to do after much prayer considering things like this but i still always feel a little reluctant to act but i do anyway,fear
i went but i did feel shaky,fear
i could sense that he was uncomfortable when he came to deliver the letter but i was willing to attribute to him feeling weird about being so romantic and vulnerable,fear
i will explain here the areas i feel are vital to a successful experience and then i will pinpoint how i plan to assess those areas,joy
i was dwelling on the current state of my life i was unsure about my place in life and what i was going to do with it and i was feeling a bit bitter at god because of it,anger
i feel vaguely frustrated with the extent that thoughts about cycling invade the space in my mind,anger
i returned home feeling invigorated and wanting more,joy
im feeling stressed about upcoming events drowning in feelings of being overwhelmed with how much i need to do in order to get my house back in order and the long week i have ahead of me that my husband will be out of town,anger
i say goodbye to the fam theyre all sad a crying and i feel like a heartless bitch because hey im pretty excited to be flying for the first time and you know also to spend a year in another country,anger
i feel for you you guys who been insulted ill treated lathi charged at the grounds,anger
i could genuinely connect and enjoy instead of withdrawing and feeling resentful,anger
i am feeling slightly apprehensive about tomorrow s crim exam that has a hefty weighting of but not to the point where i am sweating buckets or reaching for the razor blades,fear
i know its the lot of the dumpee to feel slighted jealous unable to move on depressed angry and a whole bunch of other negative emotions that stem from the whole rejection and sometimes replacement involved in the break up process,anger
im still feeling a bit grouchy,anger
i still feel like a kid eager to blow the candle open gifts and all that good stuff,joy
i feel intimidated by the great women in my family tree,fear
im going to sleep now while i still feel triumphant,joy
i decided that this one lesson i had had was enough practise for me so its fair to say i was feeling slightly apprehensive walking over to the nursery slopes,fear
i also feel fearful and concerned for them both worried,fear
i write when i am feeling happy and childish,joy
i already feel myself becoming more casual in my fandom,joy
im feeling the moxie fab love cath script src http www,joy
i feel so enraged that i want to punch him but i don t because he s only years old,anger
i feel like a dangerous animal as i prowl out of the jungle and onto the warm sand of this deserted island,anger
i also feel more welcomed at lush than any other job that i have had,joy
i found myself feeling jealous though,anger
when i was still a child,anger
i hope he makes some friends and feels welcomed,joy
i think that however nice these people are they make you feel paranoid that you are doing something wrong,fear
i am sharing information that i feel is important to personal safety and empowerment parenting and living well,joy
i have been feeling a strong ability to step out of my mind,joy
i drank a cup of coffee i feel all nervous and weird now,fear
i have also realized that while i may feel fabulous some days today is proof that im still right there in it with all my listeners,joy
i hunger for anything i feel ferocious like a tiger,anger
i need to feel assured i need to feel secure,joy
i am feeling excited and also nervous worrying about all the little details and hoping that our first day goes well,joy
i go fishing i really feel so carefree can i fish everyday,joy
i feel everything around me is fucked everyone around me is falling to pieces,anger
im feeling all kinds of conflicted about the bit with his rather violent reaction towards the paparazzi over that zq jcho cpine lunch,anger
i feel more clever,joy
i hope to god it is a false reading because i feel so unprotected without him,fear
i seriously still feel so insecure and dreadful that the new guy would suddenly pop back up and change things,fear
i then immediately have feelings of guilt for having those selfish thoughts and my practical side appears how could i do that who would take care of the kids and my parents,anger
i am thankful for the safety of my loved ones and the loved ones of my friends here i am guilty for feeling so i am selfish and i am deeply saddened that there are people back home who cannot say the same,anger
i always had a feeling of being in shape and became increasingly frustrated with the daily accumulation of body fat elusive,anger
i like to pray a decade whenever im feeling stressed or scared,anger
ive predicted angle to win and im feeling slightly less grumpy than when i wrote that lets say that gallows wins clean here to keep things tight,anger
i couldnt get to sleep i was feeling quite irritable and restless and every time i was dropping off to sleep a mosquito would land on my face or squeal around my ear,anger
im just feeling very uncertain and,fear
i could not help feeling thatrupert meant to be rude to my father though his words were quite polite,anger
i feel honoured that she has chosen to share this with me,joy
im not going to lie i feel a little insulted,anger
i feel that the classroom is extremely dangerous,anger
im not sure if what im feeling is so extremely vulnerable or now that i feel so depressed and sad,fear
i am not thinking about a certain person before i sleep i end up having strange dreams about him and when i wake up after those dreams i feel shaken and stunned,fear
i think i was right to feel insulted,anger
i want or need to hear to make me feel valued,joy
i got a feeling give it up i got a feeling get away becuz i m cuz i m dangerous oh i m a badman ah,anger
i feel annoyed by that girl,anger
i just need to find ways to feel pretty,joy
i just didnt feel like taking her bitchy attitude,anger
i feel like i m in the movie dangerous minds,anger
i feel pressured to come up with something else funny to write about,fear
i am letting go of the animosity that is towards anyone that i feel has wronged me,anger
i can t help feeling jealous,anger
i am now drunk again and feel fab,joy
i am feel overwhelmed,fear
i can control is me and if people feel that i wronged them i will try my best to fix it but some people you cant make happy,anger
i get an anxious feeling i feel xox soon itll be the real thing already so i need to be flawless,joy
i feel so paranoid and im really gonna cut down the hours and frequencies of me wearing contact lenses,fear
im feeling on the mellow side today,joy
i feel privileged having the opportunity to be a part of it all,joy
i do feel weird making an exact replica of someone else work,fear
i want their birthmoms to feel confident that they made the right decision,joy
i feel carefree and weightless and yet worried and grounded all at the same time,joy
i didnt say was that strong feelings always make me skeptical at first,fear
i tend to stop breathing when i m feeling stressed,anger
i may be having a constant dullness and heaviness over my heart that makes me feel restless bored and unsatisfied however i know very well that such feelings are evoked by the time of the month,fear
i feel like hes scared of a good thing and is sabotaging right now and maybe if i give him space hell come back but i feel like hes had so much space and still doesnt feel like its enough,fear
i feel afraid to live alone living far from them,fear
i feel a little uncertain about the structure of a revalidation portfolio,fear
i move in to sit real close close enough to smell the cherry candy you ve been sucking on close enough to feel nervous,fear
i feel i am quite mad,anger
i always had this negative perception when i was asked about getting pregnant and my misscariage i always walked away from those conversations feeling somewhat offended,anger
i feel excited about what im doing again i feel like i have a ton of catching up to do,joy
i don t know how i feel about today because part of me is convinced that i am making this so much more difficult than it actually is or as mehow casually remarks in the april infield insider getting out of the box you are in that was never there in the first place,joy
i just woke up from my nap and i feel extremely agitated and grumpy,fear
i feel time is running out so i m not bothered with myself now,anger
i began to feel bitter towards them,anger
i feel determined to offer her all the possibilities that my parents gave me to explore and create my own path,joy
i won t get into making excuses for the man he s a big boy and can do that for himself and his staff i walked away from red rooster feeling dissatisfied underwhelmed and confused,anger
i must confess im feeling a little overwhelmed,fear
i show my partner how i feel i m afraid s he will not feel the same about me,fear
i was able to maintain physical and mental activity as well as have a necessary structure and routine without feeling pressured to overdo it,fear
i said i feel incredibly thankful on the whole,joy
i feel threatened or anxious i become numb and detatched from my emotions and environment,fear
i feel pressured and can not move on to other items in our wedding checklists,fear
i feel fearful of how this sensitive non confrontational driven girl will thrive as an executive in the corporate world,fear
i feel so invigorated so focused about what im being led to pursue right now and in the future,joy
i feel honored to wear usa on my back,joy
i will reach out to you when i am feeling uncertain and needing the support or the slap upside the head that i know you can provide me,fear
i drove home i was aware of feeling not like myself and then she called to ask if i was ok,joy
i feel paranoid because nobody is saying anything,fear
im feeling shy to approach them,fear
i had to cut the lines to make it fit making it sound a bit rushed lets all make believe that that rushed feeling is actually a frantic feeling that was entirely deliberate shall we,fear
i feel like a greedy person for liking two people,anger
im trying to find ways to add more sewing into my schedule without feeling completely overwhelmed,fear
i have never made the first step because the guys were alway faster this is why this situation is making me feel very unsure and elusively shy,fear
i want to be swept off my feet and feel special rather than just being told i am,joy
i am feeling so festive today that i m even going to put the tree up as soon as i ve finished doing this and catching up with the week s goings ons on coronation street,joy
i know he is totally trainable and can be free of his arm chewing habits i feel that the kids would be too nervous around him during the training process,fear
i was just randomly talking about it and how i found the once more with feeling cd and listened to it and was quite eager to watch the show again,joy
i feel like i shouldnt have even bothered,anger
i feel as though i don t write about them often enough but they are just cruising through life in their own equally special ways,joy
i would just go to the straight point rather than doing a defination of such as what is romance feeling or anger feeling or suspicious feelings,fear
i didnt feel the cold up there because we had a fire every night,anger
i feel like i am not very smart,joy
i is starting to feel a bit insulted by this stranger,anger
i thought id talk today about getting cold feet im sure every bride will know that feeling when hubby to be did something that reeeeeeeeally pissed us off and we start yelling that we just cant do this anymore i cant marry someone like you,anger
i feel that it is dangerous to portray angels as walking the earth and intermarrying with humans,anger
i feel apprehensive while opening the blue door,fear
i feel insulted by this that he doesnt even respect me enough to let me know hes not coming not until i indicated i was going to bed,anger
i need to be just as open with them as i am with some of my friends when i feel that they have wronged me,anger
i crave getting out there and moving and if i dont i feel agitated until i do,fear
i cant let all these feeling in one blink im not a heartless person like you i give you a lot of change i give you a lot of change to come and change your decisions i give you a lot of change to find me but you threw it like a crap,anger
i feel my mom is simply feeling greedy is the lack of this reaction when her mom left the same type of will,anger
i was sleeping in my room but woke in the middle of the night to think i could hear noises and see shadows moving i felt that someone was in the house,fear
i feel so honored and grateful that these wonderful people have entrusted us with this beautiful boy as our son,joy
i am feeling generous so you can pick any reason you like but make sure you take your wise mothers advice so i dont feel the need to drag all this to court,joy
i spoke with reported feeling dissassociated and dissatisfied with their human lives,anger
i admit that in the past ive done a lot of time scoffing and feeling superior to christians,joy
i love running because i feel strong and powerful and totally in control,joy
i do not like feeling unsure and uncertain,fear
i should do but i think it means that i should always be open to opportunities of inviting and involving others in ministries and that i should be creative in finding ways for others to participate in and feel welcomed into such ministries,joy
i do however want you to know that if something someone is causing you to feel less then your splendid self step away from them,joy
i am seeing neurosurgeons document conversations regarding the safety of patients relationships and whether or not they feel threatened,fear
i simply dont want to and it makes me so mad because i want to be able to share these things with you but i feel like were so emotionally far apart now and it makes me mad and makes me unable to go to you,anger
i feel that disdain from him when i acted as if id been wronged by him,anger
i feel bitter to see what i ve become,anger
i pictured a twin set of copper pipes running through me somewhere and while i was cool when i contemplated the one that flowed outward it made me feel weird to think about the other one,fear
i don t feel that talented at impacting how things end up at the moment,joy
i feel like i have an uncomfortable limit,fear
i seem to wake up every day recently feeling immensely irritable and i cant quite work out why,anger
i have never done anything to make her cry or want her to cry but after four months i feel a little strange i have never seen that side of her,fear
i had not yet gotten married and that coupled with the pressures of being a senior pastor coupled with the reality of my glaring inexperience made me feel quite stressed,anger
i met them great people but i have a feeling i may have unintentionally offended them,anger
ive never been a huge holiday person but i definitely feel more festive more hopeful more willing to celebrate others joys,joy
i even feel strange if i forget a primer and put foundation on my bare skin,fear
i waited in line longer than usual i didnt feel impatient that my business was delayed i listened to the master about why this was occurring and how i could be of service during that moment,anger
i keep feeling weird sensations img src http s,fear
i can feel myself getting agitated at all the constant noise chatter,fear
i know the pain parents feel when an enraged child becomes violent,anger
i am feeling so excited for many of the bloggers i follow who are anxiously bearing through a ww of the first few weeks of pregnancy,joy
i feel so bitchy and mean and terrible,anger
i have written i don t know why this would make me feel shy,fear
i got when i went home sick today i m still feeling a bit shaky and for david helping me fix the broken handrail on the basement stairs,fear
i am left feeling very confused and blah,fear
i feel like the thing im most nervous about is having two kids,fear
i was not feeling so nervous because she seemed so calm and collected,fear
i remember sitting in class actually feeling eager to learn a amp p,joy
i feel for you despite the pain makes me suspicious that it might be so,fear
i have been aware of one traumatic memory that has been surfacing on and off leaving me feeling nauseas and gently terrified always,fear
i even get jealous when my bf speaks to his best friend who is a girl and also friend of mine but i listen and understand their friendship because my trust towards my bf is higher than me feeling jealous,anger
i cant really understand my feeling cause its a mixture between bitter and a sour one which even i dont get,anger
i love those ted talks i feel intimidated more than inspired because greater than great can be found in simplicity too,fear
i finished checking in bruce had already left and yiling was just leaving so i don t feel i had a chance to properly thank them for being so considerate and making sure we got settled in,joy
i actually feel like everything is going to be ok,joy
i dunno the word im even looking for i guess because im not exactly how i feel im selfish i know,anger
i was sipping my diet coke watching my the swimming lessons and feeling aggravated that my mousekins were not being better listeners the thought crossed my mind,anger
i liked it all the same this one will take a few listening sessions to get a real feel theres a lot distortion in the songs which agitated me a bit but it caused me to do a little research on just what the creative force behind this unusual album,anger
i did feel complacent that now in britain with the immediate rain life would be that little bit more familiar but nonetheless i have the memories the photos and now i have a goal to work for my gap year and i would be working on that as early as saturday when i would be earning,joy
im thankful to work in a place where i can feel comfortable and supported,joy
i am feeling doubtful confused lost and what not,fear
i feel is thankful for the lessons i m learning,joy
i honestly feel we did a fantastic job,joy
i feel like i need to make a list leanne would be appalled at the thought so that i dont miss anything,anger
i was feeling a little like a cold was coming on,anger
im off to the big city solo for what im afraid is going to be six days of wandering around lost six days of feeling uncomfortable six days of not knowing how to dress six days of not knowing what to do six days of not knowing where to eat six days of disaster disaster disaster,fear
i am left feeling happy about having the time to rest and take care of me but at the same time this huge sense of guilt builds up inside of me for not having respected our date for being an unreliable teacher a selfish friend,joy
i have to actually tell myself to breathe breathe breathe in and out when i feel absolutely terrified because i know i can t just go home that the life i missed isn t there anymore,fear
i imagine you re going to come away from it feeling a little jealous you can t quite,anger
i walk away feeling dissatisfied like i ve waited for my caffeine hit only to get a decaf,anger
i cant help but feeling a little hesitant about my decision just because of the magnitude of the decision,fear
i feel angry disgusted,anger
i was using it to vent out ugly feelings and be vicious and nasty rather then deal with them like an adult,anger
i feel rich indeed,joy
i feel so because i feel reluctant,fear
i feel pretty fantastic,joy
i want to not feel shy with them i want to have fun with them,fear
i feel frustrated sometimes with my mac lipsticks when i have to read names or open each of them to select shade,anger
i finally fell asleep feeling angry useless and still full of anxiety,anger
i think i m feeling dissatisfied with my life,anger
i was feeling pretty confused about my future career goals however after seeing how creatively stimulating and fulfilling teaching can be i now feel more confident in pursuing a career in education,fear
i know the feeling will fade away in a day or two or even in a few hours when the cute hairstyle starts to droop and frizz,joy
i dont sleep more and i am still waking a am but what this does is help me get off to sleep quicker and i feel like i am going into a deeper more relaxed sleep,joy
i cannot help but feel proud and grateful to be an america,joy
i feel like i have reached a plateau where im not buying as much as i use to and feeling more satisfied with my wardrobe and personal style,joy
i do not feel like i am intelligent enough to be a teacher,joy
i wonder if feeling complacent is a result of my laziness,joy
i get frustrated when i know that some of the things i am thinking or feeling are very very petty so i try and limit myself to opinions that have some sort of validity,anger
i guess i feel that if i don t fulfill some of my artistic pursuits now i certainly won t have the time when the economy picks up,joy
i need to manage my spending money more wisely but im feeling uncertain and stressed as of late,fear
im feeling distracted i tend to practice with my eyes shut as much as possible,anger
i did wake up this morning feeling more like myself so after days of sloth i was keen to get geared up and head to higher altitudes,joy
i hardly feel like i had a weekend if i dont get fucked up,anger
i is an extremely positive feeling a divine energy who alone can take our quaking boat to the shore,joy
ive worn it once on its own with a little concealer and for the days im feeling brave but dont want to be pale then its perfect,joy
i was not going to be able to sleep until i knew how it ended and mostly because of another thing which i am not even going to talk about here because it makes me angry all over again and also because i feel horribly neurotic and immature getting upset about it and so we will gloss over that bit,fear
i ended up eating lots of carbs on both days but i didn t feel as pressured to eat a bunch on the last day,fear
i feel and i think that should be respected,joy
i feel that when i run i that is me sarah the mind am supporting this body,joy
i just feel as though somehow shes become less likeable,joy
i feel cute i feel good,joy
i know the effects of my day to day happenings on my serenity are so subtle at times that i end up feeling irritable and discontent without knowing why,anger
ive been feeling immensely overwhelmed,fear
i don t have any issues with the obvious i went chinese with them yesterday and i wasn t feeling hostile towards any of them,anger
i feel that i am getting more and more timid these days,fear
i left to the shower questioning what i feel she was gorgeous such a fantastic body so confident in her movement effortlessly graceful,joy
i myself stood before the crowd and talk but no more recent addition to the crowd feeling a little shaky hihi training and skills needed to maintain constant the better,fear
i want to be in the future years some of you made me feel amazing and some of you are the best friends i could ever ask for,joy
i never feel ecstatic or bouncy or anxious,joy
i always plant a big section of lettuce and i leave it open for those pesky bunnies so that they can feel all rebellious as if they are raiding my garden,anger
i enjoyed today because hes a darling but its a long time since ive backed a horse and i have to admit to feeling a little hesitant as to where to go from here,fear
i feel hesitant to share something i know and have experienced personally that can offer hope amp eternal life,fear
i feel damn agitated during the speech,anger
i want to feel your sweet embrace but dont take that paper bag off your face i love your smile face and eyes damn im good at telling lies,joy
i would not knowingly wound the feelings of any not even one who may have wronged me but would seek to do him good and make him my friend,anger
i know that there is some cynicism involved but i also know that it s come from the lessons i ve learned over the last couple years of life and i don t feel resentful or damaged because of it i feel fortunate enough to have been clubbed upside the head with a bigger dose of reality,anger
i feel scared rather than curl up like a threatened porcupine,fear
i feel a bit shaky at night lately i ve awoken with this,fear
i can also song write without feeling all bashful about it and play music and my guitars without anyone telling me to turn it down,fear
ive to admit im feeling excited yet so unprepared for the surgery,joy
i feel ive been physically uncomfortable for the last months of my life so nothing new there,fear
i don t feel so self assured i need to compete or to justify why i m so clearly not doing as well as someone else,joy
i feel so resentful about having to take care of us and not getting to do what i want to do,anger
i feel like him try to stay as faithful as possible to what he perceives as the real events that happened in that mountain,joy
i feel less threatened by the world,fear
i cant help but feel someones going to end up pissed at me,anger
i did see some things that i would never have done myself for the movie adaption but feel that if i did not read the book it would not have bothered me,anger
i dont know if i cans trust him and i dont know how he feels about trusting me,joy
i simply can t help but feel dissatisfied after reading glancing through each,anger
i am grateful that i no longer feel a frantic urge to fix the emotional upsets of those around me,fear
im feeling rather impatient with these rainbows bursting in my veins,anger
i could even feel his cold breath on my neck whispered hertha as she ran her fingers across the side of neck,anger
im super annoyed cause it hurts all the time cause i cant do my complete manicure and feel like my hands are pretty and i am kind of scared on how long this will take to heal and for my nail to grow again to stick on my finger again,fear
i feel suspicious if there is no one outside like the rapture has happened or something,fear
i feel like my relationship with christ has been shaky,fear
i done something that i didn t feel inspired or challenged by,joy
i remember feeling hair and being confused my kids dont have hair at birth but not having the presence of mind to really process what i was feeling,fear
i feel like being selfish and keeping this foodie secret myself but why would i deny everyone else,anger
i am being told i should feel satisfied because i am in good standing with the powers that be,joy
i also feel terrified but i ve found that since i ve started saying i m terrified out loud i feel less terrified,fear
i feel scared because i dont know the students and the teachers,fear
i want to give up feel distracted or just need to remind myself of what i am working towards,anger
i am always so sensitive and my every sense feels like it is being assaulted as i drag myself away from the darkness,fear
i mention that im feeling cranky,anger
i ask her what shed like to do and she just says she doesnt mind so i am always making suggestions and just feel like im having to try every day to keep her entertained,joy
i would probably dine here once in a while especially if i am feeling rich which i dont,joy
i keep wondering why im hitting walls of grief and loss even while im having fun or feeling excited or enjoying some wonderful friends and pre summer time experiences,joy
i think that our favorite activities as a child are often very telling and if someone is feeling a little unsure about their life s direction going back to those childhood favorite past times holds many rich clues,fear
i feel rather stressed for the preparations for prom night,anger
i see how strong and bright you are and as you meet your milestones weeks early i feel assured that my gut was always right,joy
i think i can finally articulate it the prius is in its own shiny happy al gore wearing patagonia in alaska way somewhat insidious in that it makes driving feel like a virtuous act,joy
i could look it up and act like i know what it is and lie to you about it and feel smug in my know it all ness but frankly i m way too lazy for all that,joy
i cant tell you in words how much i feel honored that my photo made it into this gallery,joy
i ask him if he is feeling adventurous and wants to see that one since he already booked his friday and saturday nights and i already know he has church stuff on sundays,joy
i feel petty moaning about it but its annoying me so from now on im keeping my stuff in a bag in my room if they ask i can always say im keeping it there to stop the bathroom getting cluttered,anger
i didnt feel that welcomed when i first entered morris quickly changed that and i left feeling very happy,joy
i hope this might create a generation of kids that learns to never fear sharing openly with people they feel safe with,joy
i scream every day and every night and no one hears and my face is starting to fall off and i feel anxious and frightened all the time and i don t think i know what anything means anymore,fear
im feeling my way through and trusting myself,joy
i feel fine read the rest,joy
i feel derp and innocent because we go there by lrt or the train it was always packed the last time i rode it was like years ago,joy
i just want them to hug and drink beer together and for neither of them to feel tortured at the same time,anger
i work out i feel invigorated,joy
i could feel my body start to shake with nervous anticipation,fear
i suddenly feel a lot smarter and more talented than i did last night,joy
i only need to feel respected and safe,joy
i often find myself feeling assaulted by a multitude of sense impressions,fear
i feel like this insecurity is a good thing when i first started writing i pictured it all,joy
i feel so distraught and sad,fear
i feel a timid six other times a wise sixty six,fear
i understand that you re feeling anxious,fear
i understand that but its so nice not to feel like the weird one,fear
i completely lose ability to segregate my feelings with my actions is when they are rude and hurtful to their father and my husband who is also my hero and best friend and heart,anger
i wanted other women to feel envious of my figure and say oooh youd never guess youd just had a baby,anger
i have been conveniently uninformed of the specifics of the situation i am left feeling helpless and wanting more than ever to get away,fear
i remind myself or am reminded of my passions and opinions i just feel incredibly agitated and frustrated there is this ball of energy with no channel to travel,fear
i do feel confused,fear
i thought i hope our vanquished england failures are watching this and feeling very envious and determined to do everything to improve and maybe one day do something similar before i die,anger
i feel irritated that he either interrupts my quiet time or wakes me up,anger
im just saying that if i did they would make me feel successful,joy
i woke feeling hopeful,joy
i got the feeling watching it that only from starting out by making hats for his school friends could one develop such a clever use of resources train tickets doc marten soles barbies and shattered mirrors to name a few,joy
when my relatives and i were in a car going slowly on a frozen road,fear
i acknowledge that i am not actually fat by definition but feeling uncomfortable in my skin,fear
i got the feeling that the person on the other end hated me,anger
i am just feeling grumpy and sore,anger
i cant help how i feel aside with a few like dick hobbs and rebecca mcpherson im not exactly a popular guy at school,joy
i feel him frantic now humping against my hip moaning when i suck his tongue into my mouth,fear
ive been feeling the demands of my three beloved males pushing and pulling spinning me around as i dance to the beat of their drum,joy
i was talking to elder ditlevsen the other day about my plans at college and things and how you guys were all way excited for me to get back and he told me that he remembered feeling a little nervous as a parent,fear
im sure ill also feel a bit nervous,fear
ill be thirty next year and im feeling positive about my life and the choices im making and the things that im putting out there into the world,joy
i know i need sleep feeling dissatisfied with myself for what i ve yet to accomplish instead of glowing with pride at all i ve done,anger
i necessarily believe in the power of rape whistles but i never got one and i feel grossly unprotected by my campus,fear
i feel that the team at target has given me valuable experience and feedback which i will use constructively to help me both within my studies and in the future,joy
i feel like offended with such question,anger
i asked if anyone has ever confessed their feelings for someone and got accepted rejected,joy
i much regret that i allowed johann to accompany me from khartoum i feel convinced he can never rally from his present descara,joy
im feeling insecure and sad because i dont know what to do with my book,fear
i feel shy of my broken english,fear
i started to feel cold like symptoms of light nausea cough and tiredness,anger
im being particular but id feel uncomfortable even asserting ive ever been in love,fear
i hang out i leave feeling energized and happy,joy
i do not see but could feel that she is someone i am very reluctant to let go,fear
i am feeling intimidated by all that work,fear
i dont want to pretend i am someone and i am not because i dont feel comfortable,joy
i was abruptly reminded of why i was feeling so agitated in la,fear
i feel like federer is more talented player for sure,joy
i feel cute because the tune of the song days of christmas played on my mind pia again almost my best friend because were going out like everyday and i can share to her almost everything and we understand together and i went out,joy
i did not picture myself feeling shy in this class when i signed up for it,fear
i discussed previously in my last blog post how apprehensive audiences have become towards bathrooms they automatically feel nervous which has become a fantastic trope for horror fiction,fear
i feel hated i feel angry i feel very sad i feel like im going to be abandoned i feel angry because i abandoned someone but in reality no one at this age can expect that neither party will be abandoned,anger
im finally looking forward to my toes kissing the sand once again and feeling so free,joy
i just go into these modes where i want to write then feel disgusted and do not what to write at all,anger
i finally left feeling judged and ridiculed because i am intelligent,joy
i wish i could open up to people not feel so terrified of reactions and opinions,fear
i felt doubtful and the image that popped into my mind was of dealing with a big knot in my shoelace and then feeling frustrated,anger
i really hate this feeling when you really give so much damn about someone but really all that person show you is just simply like they cant be bothered with you,anger
i hate all shopping when i feel rushed by hoards of people,anger
i write him when something big has happened like a fun trip or milestone and other times i just write him to tell him how im feeling about his sweet baby snuggles or growing personality,joy
i am feeling mellow excited about it partly because i know annie will churn all kinds of emotions inside of me esp,joy
id feel better later in the school year,joy
i think that even just understanding that there s that history behind it it lends to the explanation of where it s being projected from so it s kind of important to some degree and i never feel offended by people questioning that,anger
i have the capacity for great care and compassion as well as the ability to bite metaphorically speaking when i feel threatened,fear
im feeling so doubtful today,fear
i cant help looking back on the child i was and feeling rather jealous but i am also delighted to be living in a time when a nine year old child in some parts of the world can read a thousand books a year if she he wishes and is able to,anger
i feel like every day is a blur of running being irritated with my son and doing something pertaining to making dinn,anger
i feel like a greedy little traitor i m looking looking among these covers hey little snotface take me,anger
i was feeling a bit casual and put on a plain tank top with loose bottoms i got from zara,joy
ive always heard choose one feauture to play up eyes or lips then tone down the other feautures and i love this rule i feel envious of selena here she is soo pretty she has lovely dark hair and great eyes she can wear such a wide colour range,anger
i am feeling optimistic about doing as much as possible in the next to hours before the kids come home,joy
i acted like a little girl by acting cute towards you asking if you wanna share a diary with me amp you said youre still feeling pissed and you want me to stop adding the problems and make things hard for us,anger
i know what i believe and how i feel but some part of me is still hesitant because the old me would have said that anyone who believed there was a god was crazy,fear
i did not do all this to feel pretty might i add,joy
i am feeling amazing mostly normal i am going to a pre thanksgiving celebration with our friends from that time we were in softball,joy
i still feel shaky is because in the worst hit areas the damage and destruction is so complete,fear
i havent been feeling too bouncy lately so ive been quietly keeping my head down til the phase passes hence my almost complete absence from lj,joy
i was down feeling greedy and depressed,anger
i feel they are sincere in wanting to resolve these grievances,joy
i started feeling festive very soon right back in november and i suppose it was inevitable that i ran out of steam before the day itself im feeling all a bit hummpffff today you know so much to do so little time and its all going to be over in a flash,joy
i feel that there is a clever caption in the making here but im not quite feeling well enough to provide one myself,joy
i couldnt help but feel totally distraught and utterly helpless when lorena was kidnapped and tortured almost to death by a band of enemies i was desperate for her freedom,fear
i get the feeling that the rest of yall are a little appalled about it,anger
i cannot describe to you the feeling of frantic alarm that overtook me,fear
i feel it s my job to give him all the tools he needs to be a successful person,joy
i dont think that happens a lot so i feel insanely cranky when i couldnt get an ear immediately,anger
i found out that someone that i knew had someone else taking tests for her,anger
once i was caught by thugs aged between,fear
i feel impatient to do a final post after four more weeks with tangible results so far its exciting to see how far the philips reaura can go in terms of firming and smoothing,anger
i wake up feeling triumphant,joy
im feeling so excited and eager,joy
i wonder if this is what master is feeling i am r wanting and eager to please and i am master who could very much enjoy his my attentions but won t because it is wrong as i he has no desire to return his my affections,joy
i feel hesitant because i don t want to put too much stock in the possibility that maybe today marks the end of a hard year and the start of one that might be better,fear
i feel overly distracted so tabby and i started again working on the paths and the routes we have here through the woods down to the big creek and around the former second meadow,anger
i start to feel unsure,fear
i feel spiteful toward him,anger
i feel decently intelligent,joy
i say his name over and over and feel the change in him the nearly violent desire he reigns in with difficulty as the first waves of orgasmic stupor envelops me,anger
i like her too much to feel as if im being obnoxious and getting involved into somethign that has nothing to do with me,anger
i understand that any of my extremely positive attributes and there are some are overshadowed by my weakness and subconsciously some people are wired up to feel superior to others and thereby treat them differently,joy
i feel suddenly startled catch my breath and think it could be any day,fear
i see women wearing boots i feel envious that i want to curse them,anger
i feel very confused and cant stop myself from digging in a bit more,fear
i am ready to cry because i feel such a sweet presence of the ruach hakodesh the holy spirit in my room with me right now,joy
i feel like calling them bitches but it wasnt exactly bitchy coz it wasnt intentional but i could call them ungrateful inconsiderate selfish ok ill say bitches,anger
im feeling paranoid already,fear
i posed in cutesy vintage ways all the time feeling absolutely freaking fabulous,joy
i will probably do but for some reason i feel a bit agitated by it all,fear
i continue to succeed in something and having someone seems unattainable because i feel men will be intimidated or when there is a prolonged moment of silence,fear
i will usually tell him that i was feeling frustrated for whatever reason and ask him to help me fix it,anger
i feel very peaceful about the whole situation,joy
i had to go to the gym so many times this last spring that i just kind of got used to feeling neurotic and then the neurotic feeling kind of went away,fear
i drove to class i was feeling a little apprehensive but still no sweat,fear
i feel shaken by it and im far far above the age group targeted,fear
im not as mad and upset as i was on day but i feel scared now,fear
i too still believe in feminism and i still believe in the saving power of rock music as bauer proclaims at the end of the article so why am i left feeling skeptical and unconvinced,fear
i enjoyed the feeling of belonging and the sense that i was recognised and somehow valuable,joy
i feel i did some thing impolite katanya,anger
im slow about this but it does feel weird returning to a home without your mum anymore,fear
i gotta feeling da bul taewuhbeoryeo burn it up i gotta feeling niga ulbujitneun nal ah neoneun wiheomhae gal ttaekkaji gatsseo get away woooo becuz i m cuz i m dangerous b,anger
i feel really fucked up why do such things always happen to me,anger
im not feeling absolutely terrified of more pain and more trauma to my already battered body,fear
i feel tortured by my self inducing deprecation and resentment,fear
i feel disgusted with my jealousy and should stop taking example so offensive,anger
i answer feeling clever again,joy
i feel the calm,joy
im feeling terribly impatient,anger
i could already feel the difference in strength during technique class and three classes in i am starting to find my balance though it is still pretty shaky business,fear
i feel like i have a little more control and can help sweet pea better if i know what is ahead,joy
ill feel even more pressured,fear
i feel the market is in a somewhat dangerous position for traders who end up on the wrong side right now,anger
i feel that the father wants to tell you that he is pleased with you,joy
i feel like im in such a strange place in life no one to take care of and no one who cares,fear
i have something to tell you girls i finally feel brave enough to share the news,joy
i feel that the tips given are very useful especially to parents with young kids like me,joy
i don t feel dissatisfied just distracted from my life,anger
i really feel that we are progressing towards a society that is more fearless incrementally throwing away seemingly rigid boundaries like paranoia over security of one s belongings a href http www,joy
i said feeling strange uttering those words but space flight was still a pretty novel way of traveling in my time,fear
i feel so cluster fucked in my head,anger
i feel very suspicious of all of them,fear
i an expert on feeling rushed and anxious on getting worked up and frustrated because i feel overwhelmed with my job,anger
i think even as christians our trust and assurance in the lord is weak when we feel the most helpless,fear
i take things very personally when i feel wronged even little memories stay with me,anger
i didn t feel as terrified or as nervous as i normally would in that type of situation,fear
i fought back the blush on his cheeks one hand resting over his heart feeling the frantic beating almost positive kai could hear it,fear
i have the emotions but have learned that to feel them to let myself become agitated or excited means that my heart and heat jumps the regulated limits of what can be sustained,fear
i feel completely shaken up,fear
when i was cycling past a parked car someone opened the door and nearly pushed me off my bike and into the traffic,fear
i neither ask for nor deserve to feel frightened when any kook puts me in danger for any reason,fear
i become more comfortable in this remodeled office i am feeling much gratitude for its wonderful amenities,joy
i love feeling brave,joy
i can t relax my heart skips a beat now and then i feel other people s emotions i get irritated when i am pacing around not knowing what i need to do to feel better,anger
i just didn t end feeling satisfied,joy
i feel very bitter that i am supposed to be providing this privileged space to someone else and i dont get it,anger
i still feel dissatisfied,anger
i feel like a child who got one lick of the most delicious lollypop ever,joy
i feel like i have been a little distracted lately,anger
i am at work today in my new job still feels really strange tbh but i m sure i ll soon settle in,fear
i am so happy but yet i feel enraged,anger
im sure its because when i am lost i feel like everyone is being hostile toward me and i hate that feeling,anger
i feel insulted whenever people say guys cant cry or feel emotional,anger
i still feel vulnerable around him,fear
i am such a private person and although i won t be going into anything too personal i m feeling anxious just writing this,fear
i feel like a confused year old that has no control,fear
i feel so eager now to please,joy
i think his uniform and glove make him feel very important too,joy
i often feel dissatisfied with such discussions partly because of the persistent everyone is beautiful nonsense but partly because they rarely go past the effects of advertising on body image,anger
im a bit paranoid about being checked out and having the dorm inspected though just because thats how i always am about these sorts of things and thats making me feel anxious every time i start thinking about cleaning or packing,fear
im still feeling quite lively,joy
i feel like i should try to calm her down shes been very good to me since the games ended but i can see katniss getting more and more tense with every schedule adjustment,joy
i feel a little suspicious,fear
i thought this is precisely why i m making the show because i feel very uncertain in the world,fear
i feel that time frame is going properly i m keen on you plenty probably we could repeat this once more and then the lady may possibly grin at you as well as claim the girl loves as well,joy
i was feeling anything but adventurous and stuck with comfort zone and ordered mcdonalds,joy
i have been taking alot of xanax lately and mixing meds together to feel mellow enough to deal with the world,joy
finding out that i am not an as able student as i thought,fear
i feel the presence of god something fearful happens i became aware of my own unworthiness my own short comings and yes my own sin,fear
i bought this one a couple years ago and it makes you feel a little glamorous,joy
i know my best friend thinks i m a legend xd she tells me i m hilarious and a badass when most of the time i feel like a wimpy dork,fear
i was starting to feel nervous all this lifetime of fandom and build up and there i stood donning my vip sticker,fear
i feel a little tortured and lost,anger
i feel rebellious because i don t particularly like watching romcoms but i get the feeling that i may be pretty good at writing them,anger
i just didnt feel they got me which meant i was reluctant to open up and really share what was going on,fear
i feel selfish and spoiled,anger
i go shopping now i feel reluctant to buy things like that even though its really hard to resist the temptation,fear
i had a strange dream last night and woke up today feeling a bit shaken up,fear
i am determined to lose weight the healthy way work harder in school be a better friend speak freely of how i feel be truthful with some people and get more sleep,joy
i asked myself why do you feel frightened of being,fear
i don t feel frustrated anymore from the fierce us media campaign against egypt because the more they attack us the more we know that we are on the right track,anger
im not yet feeling terrified of failing i honestly feel like im overconfident right now because i believe that ive done my best,fear
im feeling cautiously optimistic about the direction anime is heading,joy
i think i feel myself flushing don t be alarmed i m on a headache medicine that causes that sometimes,fear
i also get to feel proud of my weight loss which when completed in a few months time i will have lost around kg which is approx pounds,joy
i was not able to say in a public forum indeed some of our most difficult struggles are left unmentioned i do feel that pleased that i was able to create some narrative unity in the experience we had there including some of the true highlights and challenges,joy
i am no longer feeling any effects from ibs irritable bowel syndrome that i suffered with for years,anger
i have to admit that i was feeling distracted by the fact that i was blocking traffic,anger
i knew i wanted to somehow include the idea of natural healing and holistic living but the site is also about feeling radiant vibrant and enthusiastic about life at any age,joy
i feel simultaneously superior and inferior to each other writer and i wish i could take back some off the things i said,joy
i feel so excited about it,joy
i think guys who feel need to compensate do it by being obnoxious,anger
im not convinced that it all makes since because the talking never feels sincere in its execution and maybe the themes in life seem to large to ever fathom but what s the point when it already feels like an emotionless pit of self craving attention,joy
i asked feeling slightly wimpy,fear
i feel slightly snobbish,anger
i mainly like to text because i feel like i am so much more clever with the written word rather than the spoken,joy
i have been praying everyday about it and i just feel more and more convinced that this is what god has called me to so we will see,joy
i sometimes feel hated but i am not it is all in my head,anger
i feel he has been quite successful at achieving his vision,joy
i feel suspicious of wrinkle prevention beauty products for some reason,fear
i thought breaking up with my best friend of years would make me bitter and feel hateful towards her,anger
i was feeling a bit shaky and a bit off centre but i think most of that was worrying about things out of my control,fear
im left with today is feeling anxious and sad and lonely,fear
i feel to have the honor to be this precious little girls mother,joy
i said in the words of a devotee that i feel relieved when i hear the your title as deen bandhu as i am the most fallen person but i become afraid at your title of uplifter of devotees as i don t consider myself to be a true devotee and hence unworthy to benefit from the aspect of your personality,joy
i already feel impatient and cancel hyundai tucson last year waiting almost for seven months,anger
i feel agitated do i know how to quickly calm and soothe myself,anger
i feel petty a href http clairee,anger
im so damn tired and i feel a little grouchy,anger
i knew from high school and he s pretty fuckin chill says that the girl feels insulted and threatened by the blog that i wrote and would like me to apologize and if i offended her i m sorry,anger
i seem to be feeling a little less anxious this week but i sure wish that i could check on her every week at the doctor instead of the that are scheduled,fear
i love about my job i still feel dissatisfied,anger
i run to him when i feel threatened and insecure,fear
i continue to feel nervous inside and long to talk sensibly even just one time around someone its so wrong to have these feelings for on so many levels i have no clue,fear
i get these intrusive thoughts mostly violent ones or sometimes sexual the sexual ones make me feel really agitated not pleasant at all whereas the violent ones don t tend to bother me,fear
i feel super behind in all aspects of my life i need to read,joy
i feel it s so obnoxious another vocab word,anger
i feel special now its just fun to say lol amvassago of the i just cant stop laughing when ever i read something and then i see beefy amkris toshibalol amits an epic word so is beef cake amvassago of the nooo,joy
i can breathe his scent the first time i will feel his embrace if only in a friendly hug in five years,joy
im so excited but at the same time i feel a little nervous,fear
im feeling more vulnerable writing about this than i do writing about my melt downs mishaps and toddler challenges,fear
i was feeling very pressured,fear
i feel distracted or scattered i take a few moments to close my eyes and just breathe,anger
i headed there fully expecting them to have been sold out ages ago and that i would find myself staggering back upstairs without them feeling all bitter twisted and disappointed but at least with some of the allocated pennies still lurking in my own bank account,anger
i just smile because it feels rude not to do so if you make eye contact i also can t really help myself,anger
im feeling bouncy enough and if i can rustle up some people keen to go with me,joy
i want to avoid feeling terrified,fear
i get the feeling that people have died it s bothered me so much that in the past i ve cried my hair must look perfect whatever the weather all of this anxiety brings me to the end of my tether,anger
i still am not able to remember a single dull moment a detail that pissed me off a thing i didnt feel comfortable about,joy
i am not a very extremely good friend of someone of course i feel reluctant to some extent if i have to do favours for that someone,fear
im feeling sociable again i have a date on monday with someone that wrote to me on there,joy
i guess just like a porn star looking at a inch rubber dong i m feeling a bit hesitant about the whole thing,fear
i feel so tortured,anger
im feeling pissed and sad right now,anger
i feel like a woman should be respected at all times therefore i made the right decision he said,joy
i feel soooo impatient,anger
i will probably just be lazy and lounge around the house and possibly go down to the pool depends how im feeling and what i can be bothered to do its my last day off before i go back to work so yeah,anger
i think its the case that whether people like anne coulter or ed schultz really feel as outraged as they do their viewers most certainly do feel that kind of outrage and anger about the substance of their collective tirades,anger
i said well we can but i m feeling greedy with your time,anger
ill feel uncomfortable although i always heard people or friends around calling their loved one honey babe my angel darling peaches pickle gt,fear
i also hate feeling aggravated when i dont know how i am supposed to eat because when i feel that way i often sound that way,anger
i liked the feeling of being scared and jumping in my seat grabbing the arm of my preferably male companion,fear
a scene in a film in which one man repressed another one by concidence,anger
i sometimes feel resentful that this has come into our lives at this time,anger
im feeling a bit shaken but not stirred nice bond reference ehh,fear
i feel vulnerable when im alone not only because i feel so incapable of defending myself but also because i could go into labour at any point,fear
i never thought i could feel thankful for such an awful thing but i am for making me stronger even as my husband gets weaker,joy
i found these emails from scott dale and just reading them frusterated me so much that i feel the need to post them and show the world what a neurotic freak he was is,fear
i am appalled that i feel violent toward another human being,anger
im a huge fan of both london grammar and disclosure so in my eyes this is just a perfect collaboration and it definitely helps to make me feel creative,joy
i guess i talked to enough people to realize that we all feel intimidated by meeting others for the first time,fear
im also feeling more energetic and able to keep going for a better part of the day,joy
i feel about this totally and completely pissed angry sad disappointed and absolutely furious at tough mudder the biggest rip off on planet earth,anger
i feel rather petty that i just dont have time to have someone talented like christine make it,anger
i only have a few things on my list i feel super guilty and can t relax,joy
i feel equally wronged,anger
im feeling lately vulnerable impressionable and a little emotional,fear
im not completely sure my topic is narrow enough and im feeling apprehensive about being able to find half of my sources in print,fear
i feel charmed to see my harder plan and adherence appear to accomplishment now and in august if we will attempt for an olympic medal,joy
i had a horrible tragedy something that i was terribly ashamed of or something that was causing me great pain or that was making me feel vulnerable i have more than just one or two very trusted people who i know i could call for help,fear
i feel like a soda in a can shaken turbulently and flew violently out of its container the moment it felt air exchanging its freedom to you,fear
i feel really free i feel that i can grow wings amp fly,joy
i was capable of doing the same as of late ive been feeling pretty bitter and depressed and not a lot of gratitude in general,anger
i may finally sit down and feel sweet release only to notice i have misplaced my glasses or that the kids have found a unique place for them,joy
i am feeling so much sadness realising that i have gone through life like this but it is such a celebration that now i no longer have to harden to hide that i am scared from myself and others,fear
i was feeling pretty cranky and down and all i could think of what how much better i feel when i cut my hair off,anger
im drunk for example i feel a lot less shy about speaking in a foreign language that i havent yet totally mastered,fear
im feeling adventurous and my laundry hamper,joy
i had horrible anxiety dreams every night last week and it made me feel really paranoid and of course all of that reading about conspiracy theories and unsolved crimes online didnt hugely help matters,fear
i can t help but feel a little hesitant towards lily,fear
i do feel that they are greedy and money hungry absolutely,anger
i love everything that were learning about and feel really passionate about design,joy
i know that tenge will get me to and from almost anywhere so if i am feeling impatient i offer more,anger
in the army,anger
ive been really angry with r and i feel like an idiot for trusting him in the first place,joy
i started to feel fine sleep wouldnt come to me,joy
i for one sit and stare at a blank computer screen for a while scratch my head a few times drink a couple pots of coffee and then feel triumphant once i write my first sentence and that first sentence usually consists of a poop joke,joy
i also wanted to let you know that despite doing this blog post im still feeling a bit weird about blogging,fear
i feel paranoid when i wear makeup out,fear
i feel like i am kinda being bitchy to alot of people but whatever,anger
i feel those feelings coming back all those hateful jealous paranoid feelings that used to torture me relentlessly,anger
i just cant help but feel extremely jealous of them because theyve been together for a year and half and luke and i have been together for and a half and i have nothing,anger
i feel enormously honoured to be included in this list,joy
i went through the exam i could feel my heart sink with each unsure answer each flip flop decision and random guess,fear
im feeling bitter today my mood has been strange the entire day so i guess its that,anger
i like when im feeling productive even though i sometimes grumble about not having time to scratch my butt,joy
i feel it needs to be respected for its own sake,joy
i was feeling quite nervous,fear
i also feel aggravated i have an embarassing reason i dont want to go home yet i dreaded coming here and now im dreading leaving here,anger
i know that i will find a job and god has a plan but im feeling a little uncertain about everything at the moment,fear
i set out on foot i feel comparatively strong light and free,joy
im feeling suitably annoyed by the panel and its time to get you a recipe for these previously deemed unworthy treats,anger
i was feeling really frantic i knew i had to find james there too,fear
i feel like i can breath now and not be so rushed,anger
i think it s the easiest time of year to feel dissatisfied,anger
i bring these to mind and feel the joyful laughter well up within my heart it becomes hard to remain weighed down by the heavier negative feelings,joy
i had a dream in which i was infuriated with my husband and so i woke up feeling infuriated with him but unfortunately a i couldnt remember the substance of the dream so i couldnt adequately express myself and b it was just a stupid dream,anger
i drove us to the car parts place and terry feels like im safe to drive again so yippee,joy
i feel it gives even more period feel and detail than sharpe and is certainly good enough to read cover to cover,joy
i do struggle i dont get anxious instead i feel that much more determined to succeed,joy
i sense this is wat has let you feeling unsure,fear
i know in advance then i am fine with it but if i make plans and they change or fall through i end up not knowing what to do with myself and feeling very restless and angsty,fear
i feel stressed a minute workout gives me an instant boost of energy and helps me refocus,anger
i would cry scream kick at the door and feel terrified,fear
i am feeling vulnerable worrying that the publishing world doesn t like my stories and won t like this next one if i write it,fear
im proud of but having crafted something that other people care about even just enough to click through to makes me feel so wonderful,joy
i sing the more confident i feel but i still get a little nervous on an opening night,fear
im feeling a bit scared to consider putting myself out there by posting my work on a website frequented by professional artists but i decided to suck it up be a big girl and ask for feedback,fear
i feel that the out of people that i encounter in the day that are rude and mean to me for no reason at all,anger
i think feelings are one of nay the most important things we have,joy
i just feel really irritable and everything drives me insane,anger
i feel irritated and helpless,anger
ive been feeling very mellow this evening,joy
i go to my son s conference next week and i am already feeling nervous and apprehensive,fear
i feel like i have been really cranky at school these days,anger
i can stop relying on the views of others for my self worth and thus not feel so threatened by their behaviors,fear
i feel bashful discussing it i m a closet gamer if you will and yet millions of people from all around the world are doing the same thing,fear
im feeling quite joyful today,joy
ive seen the way serina feels strange if shes not being useful and it sure helps that the cleaner is pretty expensive and not having to pay that money would be pretty great,fear
i guess the mild pain had made me feel even more impatient to just get on with it,anger
i feel very hostile at the thought of taking out my credit card,anger
i realised i only hate people because i feel threatened by them,fear
i knew i needed to get over there but had been dragging my feet a combo of feeling intimidated by the language barrier and the kids nap schedules,fear
i write i feel a little dissatisfied,anger
i feel i have to write about it it was truly innocent even though there was quite a bit of feeling involved,joy
i feel and bring him and coming against a savage the wax doll in the clouds blown across to tak my own feeling that be the bare feet were they were moving fast as i brought it as i love in a time for he yet i made him,anger
i was to do the same to them i would have this guilty conscience and i would feel like a heartless bitch,anger
i could be feeling this way from the cold medicine ive been taking for this chest sinus cold,anger
i feel just as determined as ever if not more,joy
i feel simultaneously thrilled and shy about this its both unsettling and exciting to see myself in this way,joy
i have been feeling so overwhelmed lately,fear
i don t i risk feeling vulnerable the feeling that everyone is staring at me and examining every little dimple in my thigh and sag in my arm,fear
i do feel offended and i think justly,anger
i want to please him but i feel resentful that he doesn t get how exhausted i feel all the time and how painful it is for me when i m not warmed up properly,anger
i am not feeling well or grouchy or lazy ill sometimes forego my bed in favor of our futon couch for a little shut eye,joy
i only feel irritated by it,anger
i feel this helps create rich texture and a touch of mystery to an outfit,joy
i feel like i could have gotten all apprehensive for no reason at all,fear
i very much enjoyed the build up and the air of suspense and confusion throughout but i cant help but feel dissatisfied by the ending,anger
i is feeling insulted because everyone is comparing sneha with her,anger
i came across the exchange point feeling strong,joy
i must admit no matter how early i start playing christmas music and doing my holiday shopping the tree makes everything feel so much more holly and jolly,joy
i say it when im stressed feeling bitchy when im slacking in the toilet or when i feel constipated,anger
i kind of feel fearful of starting,fear
i once told my friends that i feel like doing some sort of backpacking but instead of supporting me with this idea all i got from them were raised eye brows and some sarcastic remarks,joy
i feel like trusting the driver,joy
i like that i don t feel pressured yet i like spending time with him,fear
before getting back the results of a test in school,fear
i do not believe guns are the solution to feeling afraid,fear
i murakami but the first that i feel captures what makes him so beloved by his fans,joy
i feel anxious about a coming event or activity that will require physical energy that i may not have or emotional events that will require emotional energy i look to my parent and adult to take charge,fear
im glad that peter doesnt feel threatened or concerned by my recent interest in decidedly egalitarian almost feminist christian blogs jonalyn finchers a href http soulation,fear
i cant help feeling mad at this man,anger
i can sit out on my deck and soak up warmth and sun and sometimes it feels ok that the world is still standing even though i am not,joy
i also feel vulnerable being left on the bed in virtual silence,fear
i feel a bit tortured right now,fear
i felt so good in fact i went to zumba half an hour later for an hour and then left there feeling even more energetic if that was possible,joy
i think we often feel this way about planting ourselves where we are deeply terrified that if we go too deep into the ground it will be hard to get out again,fear
i want to be able to leave my house on my own without feeling terrified and im going to work on this every day,fear
i have a feeling might have offended one of the dorks sitting in the censorship cubicle of doom,anger
i am feeling so much love for my own mother and appreciative of all that she has done for me,joy
i dont know why but i feel emotionally assaulted by this fact,fear
i am thrilled for a lot of these things i feel petrified,fear
i wasn t feeling insulted over its idiocy i felt supremely bored and actually wound up fastforwarding through a few scenes,anger
im feeling resentful and persecuted about that whole aspect,anger
i finally realized that all i needed was to be and feel useful and blogging allowed me to do that,joy
i feel so honoured and luckily for me i get to post cards,joy
i didn t feel smug as i added the hardships of the last five years and rounded off the sum to a nice even number,joy
im feeling timid six,fear
i can feel the tortured emo poetry coming on already,anger
ive found it im feeling pretty pumped,joy
i search search search and very rarely feel satisfied with the solutions found,joy
i feel unsure or scared i talk,fear
i feel honored to have had the opportunity to sign my book within the walls of this library,joy
i feel im like a bird flying in the air in a very carefree manner,joy
i email authors about interviews i feel a little intimidated,fear
i feel like people are aggravated with me but why,anger
i have kept quiet when someone did or said something hurtful and not said what i was feeling because i did not want to be rude,anger
im most expressive when i feel distraught,fear
i feel helpless because i cant protect my family he adds,fear
i feel so lucky to have the opportunity to be here,joy
i feel like the class clown because im the only outgoing person there,joy
i don t feel the issue is resolved,joy
im doing things that make me feel brave and strong i have a a href http derfwadmanor,joy
when i almost walked on a snake,fear
i still feel like i get walked all over but well i m trying,joy
i just really feel content and really don t feel the ne,joy
i was feeling energetic and strong,joy
i arrived at the gym she was such a ball of sunshine and made me feel very welcomed at the gym although i felt like a dorky unfit rotund sloth that did not fit in with the environment of buffed fit looking and fierce looking bloke,joy
im feeling hopelessly restless,fear
i know like the recommendation function in modern web shops while it feels a little bit strange to see the product you ve just searched for in a web shop on a totally different site s advertising,fear
i feel that my lifes fucked up,anger
im feeling alot less grouchy and lonely today,anger
i just do not feel uptight at all,fear
i started to develop feelings for you they scared me and i freaked out but you promised me that i was safe,fear
i used to think that men needed their women to like and respect all their friends and family in order to feel respected themselves,joy
i feel optimistic that he ll settle in before too long once we ve arrived,joy
i know what it feels like to face irate customers,anger
i remember waking up feeling anxious and excited to read the bible its amazing how god will change your desires,fear
im feeling a little apprehensive about it because i feel like im suddenly way too old compared to my mental age of about,fear
i feel irritable or depressed during the course of the day i just stop and think am i too hungry angry lonely or tired,anger
i feel rather pissed off,anger
i feel really damn terrified and rushed to my classroom where my friends are playing and joking around,fear
im feeling really bitchy so just stop reading if you dont want to hear my sob story,anger
i do like hearing about ministries that reach out to people that need it but one concern i have is that they may feel pressured to except jesus into their hearts by accepting care from the ministries,fear
i do feel agitated restless or on edge quite often,anger
i imagined its what zombies must feel like because each time i would wake up pissed,anger
i feel so mad i feel so angry i feel so callous so lost confused again i feel so cheap so used unfaithful let s start over let s start over let s start over,anger
i feel threatened by anyone i get this feeling that i want to kill someone,fear
i was feeling annoyed suddenly,anger
i told her yeah they feel insecure and they bully people because it makes them feel powerful physically,fear
i began to kiss her again she slowly started lifting her head and feel suspicious,fear
i feel like im selfish,anger
i wanted to say something to her but it was just a bad vibe and i was feeling hostile didnt think it was a good night to do so,anger
i didnt feel pressured to do more or like he wont get anything out of the one day,fear
i feel like now i have the opportunity to become smart to embrace knowledge and really learn about everything i have daydreamed of learning,joy
i anger people because when i feel agitated with something i get frantic and speak fast and snippy,fear
i am feeling that it my be a more dangerous task than dancing in a lightening storm with an umbrella,anger
when i was about six years old,fear
i didnt feel alarmed moreso a feeling of total welcome,fear
i guarantee that if im dizzy or feeling like im going to vomit for months i am not going to be a very pleasant person,joy
im home i can feel how the cold has seeped into my arms and legs,anger
i feel so blessed now that i think something tragic is going to happen to me in the future huhuhu see i m still battling that thinking positive thing,joy
i feel i am writing this blog for selfish reasons but i know god can use it for his her purpose,anger
i feel very passionate about this because of children reared within the evangelical church leave it before they are,joy
i always feel a bit anxious before i preceptor because i am still learning,fear
ive had that vomity shocked feeling from jealousy before and its not something you want to keep feeling and its definitely something you want to get resolved as soon as possible,joy
i feel as confused about life as a teenager or as jaded as a year old man,fear
i wish that the girl he asked to prom had accepted his invitation that way i couldve been heartbroken and done with my feeling for him but now im just so indecisive,fear
i was feeling grumpy not women problems grumpy but five year old i want to get my way kind of grumpy you don t think there s a difference,anger
i know its an unfair reaction but i have run out of ways to explain how i feel shaken is the best i can come up with right now,fear
i get out if bed and look in the mirror i feel brave,joy
i feel lucky to the point of feeling guilty about having got away without more serious damage and disability,joy
i do buy synthetic pearls when i feel the need to and i use these for some of my more elegant jewelry and trinkets,joy
i feels dangerous these days but with cam newton at home plus a point i m feeling the panthers in prime time,anger
i wonder if they ever feel any pain or sadness because they always seem lively,joy
i am happy to see that he is off with hopefully a good job but i can t help feel a little greedy,anger
i feel so weird that it feels like i wanna curse everything and bang my head onto the wall so that my world will be back to its focus,fear
i feel rather intimidated by my re his impressive background and the clinic in general,fear
i feel too rushed,anger
i was starting to feel resentful towards ah kiat with regards to his obsessive and anal approach towards the house and forgetting he has only treated me with lots of love care and attention so far since weve been together,anger
i feel like pulling a paige from charmed just dont hurt me ok,joy
when a very close friend with whom i have a very intimate and bodily relationship he had a girlfriend started to avoid me and didnt want to talk to me any more,anger
i didn t think that it would come that fast or would come at all but i suppose it is because i feel cranky today,anger
i may or may not have cried when thanking them for making my children feel so special and loved,joy
i feel that i have to justify this behavior to you my faithful blog reader,joy
i cannot remember in which mix i heard this first and not remembering it is making me feeling all irritable,anger
i felt joy when i passed the worst phase in my life and discovered how many people considered me important to them,joy
i feel like if people see the chinks in my armor they re going to decide that i m this fucked up person dismiss me as a hot mess and not want to be around me anymore,anger
i was feeling frustrated at work wondering if i am living a life with meaning and purpose,anger
ive just spent the last half hour feeling ridiculously angry over insensitive comments from my partner but that all changed a few minutes ago to real pride over how much i have changed,anger
i sit here tonight i m pensive tense and feeling a little fearful,fear
i feel that is why she suddenly got mad at mom,anger
in a dam lake,fear
im feeling anxious all im really trying to do is project the exact opposite,fear
i feel selfish on the days i dont feel well and want to be left alone in my misery,anger
i feel that i no longer have to do things to look cool,joy
i was also feeling anxious around some of the people sitting in the waiting area,fear
i ended up changing my clothes and laying in bed with my eyes closed for the next hour and eventually i started to feel better,joy
i am yelling at my kids at the drop of a hat for no reason possess no energy to do anything just feeling irritable and sad about everything,anger
i predict that i have and what it takes to deal with a situation i feel safe,joy
i feel like he is snobbish snooty gauche a drunk and offensive,anger
i feel like i should give it a shout out because it was that delicious,joy
i feel resentful and irritable,anger
when my last years second semester results came through i was ecstatic,joy
i feel agitated she said and we continued on to the corner of main and hastings where we saw three or four cops in the middle of a take down and my friend who has an anxiety disorder insisted we get on the wrong bus just to get away,fear
i still have such a hard time writing my work down and when i do i feel its not perfect,joy
i met you i used to want to lock myself into a vault just to feel precious,joy
i have this feeling of security about the characters i want to do if someone else gets the role i am afraid they will not do well,fear
i won a car in a prizecompetition the moment i was informed about it,joy
i want to go in feeling eager and come out with a dazzling cert whilst on the phone with my mum feeling that at least ive made her proud,joy
im happy there are people in this world that have been so untouched by mental health issues that they feel it is cute to make light the plight of the affected but unfortunately they dont realize the damage they are doing,joy
i compare it to mine i feel irritated but i tried to be realistic to calm my self down,anger
i am breathing well and feeling quite lively and upbeat,joy
i feel bore and restless,fear
i feel helpless about not being able to help him in feeling better but do my best to encourage him and think positively as mom is doing,fear
i am responsible for picking a man who on occasion reminds me of people from my past like my mom and i threaten myself i can break this pattern by conducting myself in a different way even when i feel scared because deep down i know he s a good man,fear
i dont and i feel so god damn selfish for continuing to hurt myself all the time,anger
i also think it is puzzling that after this particular administrator has singled me out for praise on my ability to get my students to read that he feels that ssr time is not a productive use of class time,joy
i used to feel as if i would be hated and whatever so i kept quiet about god,anger
i feel so petty getting all worked up about all this stuff but thats not really whats made me the way i am,anger
i will actually feel comfortable speaking to others in just japanese i feel pretty happy about my current progress,joy
i find myself feeling happy more and more and it feels so very good,joy
i was a smoker for years and quit weeks ago right after i finished your book and i cant believe how free i feel i knew that i had to quit but i was terrified of my life without cigarettes,fear
i feel confident that we will be blessed with other children in the lords timing,joy
i too feel hopeful for the coming year,joy
im not necessarily sure what but something in the education system must change or students can feel anxiety and pressure with needing to be flawless with their vast knowledge of the world,joy
i got caught shoplifting a package of gummy bears,fear
i suppose i was moping in my own misery feeling extremely agitated by a lot of people,fear
im feeling indecisive about what to do,fear
i have been working hard to shake these feelings because being popular or a genre novel or non literary fiction does not make a book any less legitimate or any less something to read and enjoy and analyze,joy
i was feeling threatened that it might be taken away from me,fear
i stropped about for a bit feeling grumpy because i was missing out,anger
i am also feeling a bit bitchy about the way things are when we have conversations and others are around,anger
i didnt feel scared at all,fear
i am feeling completely irritated right now and i have no idea why maybe because he is usually just getting home from school so the last hour of these god awful videos have imposed on my time,anger
im so overwhelmed with feeling blessed by you i have to pray the fears of this being the last time i say happy birthday to you,joy
i hate to feel threatened totally,fear
i can t shake the feeling of being fundamentally dissatisfied with my selection in the democratic primaries,anger
im thankful for music that makes me laugh music that makes me feel strong music that makes me believe in myself,joy
i feel so hesitant to say anything positive trying to hold my breath so to speak because none of this really matters until i know that shaun has passed the dlpt,fear
i laughed then bitterly again but i wasnt feeling bitter,anger
i want to be positive in the morning i will need to convince my subconscious into believing i am feeling terrific,joy
i have an uneasy feeling about the stupidly talented eagles mainly because as good as they are at most positions they re dangerously thin at others,joy
i feel the sting of pain from its teeth but im angered,anger
i go to little tiny andover and take a walk at night i feel absolutely terrified,fear
i am feeling weird and feel wanna know,fear
i feel a bit frustrated with myself as i know i m not getting out of my dogs in the ring or at training if i m honest at moment due to me but i ll continue to do the remaining shows i ve entered until the end of july as long as we re all enjoying it,anger
i feel respected so his notions of feeling good or thinking good about someone become my notions of ensuring respect,joy
i alba i feel good and im fitting in,joy
i have immense sympathy with the general point but as a possible proto writer trying to find time to write in the corners of life and with no sign of an agent let alone a publishing contract this feels a little precious,joy
i feel a little bit weird,fear
i have a feeling that your father already convinced him of that,joy
i cannot in good conscience encourage my young kids read stuff from someone i feel is so vile no matter how good it is,anger
i didnt feel terrified,fear
im here to tell you you arent alone if you feel vulnerable,fear
i also chat when i feel frustrated with guys but now i think about my future husband,anger
i go to the gym i can t even get my heart rate high enough to feel satisfied thanks to the level of competition i ve experienced in the past couple of years,joy
i feel very rich very blessed very joyful,joy
i feel disgusted with my body,anger
im feeling quite mellow now in spite of having raging pms the past few days which means im likely to erupt with little or no warning,joy
i feel so selfish so self indulgent,anger
i feel i am not that sociable enough thus for friends wise i guess i do not miss most of them,joy
i feel like i should rely entirelly on gods word yet i am impatient to wait,anger
i feel like im too frickin uptight to let loose enough to love anyone else or more importantly myself,fear
i try to only buy fabrics that i would use in a project or that i feel are really fab,joy
i feel his loss too chakotay reassured then silently approached her and enveloped her in a hug,joy
i had envisioned and intended im just feeling unsure whether i got that vision and intention right,fear
i would feel joyful,joy
i never have it feels insincere and a little nosy you get a hint that something might be wrong and want to jump in and get all the details,anger
i feel shy at the fact that i love these inanimate things,fear
i feel this way i know it has a reputation for a student population eager to join this culture but somehow i doubt its just northwestern,joy
i like feeling suspicious and paranoid about everyone around me including my cat spending way too much time on self loathing thoughts sinking into unwarranted and unnecessary depression and then feeling supremely guilty for acting like such a bitch,fear
i intend to have them develop feelings for one another albeit with riku being stubborn about it as opposed to an open book due to plot ish issues,anger
i realised something was wrong when i started to feel everyone hated me and was saying things about me and only wanted to talk to me because they pitied me,anger
i trust he has a plan and if i stay true to and listen to the promptings in my heart i feel assured that everything will be okay and will be worked out for his plan,joy
im not sure if all my stuff with andy as in me feeling annoyed at him was just my messed up chemicals,anger
i have struggled to fit all the work in for this module and have felt frustrated at times feeling that my blogs were rushed and although i have read with great interested fellow students blogs i feel i havent interacted as much as i could have done this is a definite area for development,anger
i feel skeptical about the sustainability of that,fear
i feel somewhat frightened by the number of policemen that arrived but told them they may come inside and search for whatever they need to,fear
i do feel amused by all the different debates going on but on the other hand i felt that theres something missing,joy
i feel very distressed because i m supportive of this campaign and with the senator,fear
i did on weekends was sleep and feel bitter about the world,anger
i began to feel agitated slightly dizzy amp very hungry,fear
i walk in a conventional classroom my senses feel assaulted by all the stuff on the walls hanging from the ceiling and covering all the surfaces,fear
im feeling artistic and im feeling stellar,joy
i woke up feeling alarmed,fear
i feel nervous when i think about going to australia though i feel exited at the same time,fear
i am feeling hesitant right now going in this alone but am trying to remain optimistic,fear
i appreciate not having to do it but it feels so strange to be sitting around not packing when a move is so close,fear
i am feeling very bitter about it all,anger
i feel shaky dizzy and my stomach starts to hurt if i miss a meal,fear
im feeling festive tonight,joy
i was feeling restless no one was home and it was sunny outside,fear
i hope i feel mellow well fed well slept at peace with myself within this external world,joy
i feel like we just rushed around trying to see things its still quite beautiful,anger
i asked them to join me in creating a world where all year old girls could grow up feeling hopeful and powerful,joy
i wish i could say fuck you to people who make me feel insecure for ever to have existed,fear
im finally feeling a little more productive,joy
i get lots of praises i feel proud sometimes,joy
i could prepare a bunch of my own dishes made in the safety and control of my home so i can at least feel safe in what ive prepared,joy
i realized that i was tired of feeling weird in relationships with boys,fear
i was a touch pissed off that janine appears to have totally forgotten my birthday i feel a sarcastic comment in her card next week to make up for it,anger
i hate asking myself why i feel so reluctant when he tries to kiss me,fear
i feel convinced plus so many diverse price tags that i feel sure everyone should come up with the funds to have their plot to be lighted up relatively economically,joy
i feel kinda apprehensive,fear
i feel offended and sad because they do not know their ignorance,anger
i also like to share my happiness by spreading a smile at work sometimes i feel like the people i work for are a bit uptight so its nice to add some chatter to lighten the mood,fear
i sometimes feel so overwhelmed by the hats that i wear and trying to figure out who the real emily is,fear
i feel like a reluctant queen tasked to rule over a nation of miscreants who are exactly like me,fear
i dontknow why but i never feel this way with anyone else i really cant be without linus i love him which i never thought i could ever love anyone after went through few fucked up relationship,anger
i present two photos of myself side by side and in one photo i remember feeling cute that day,joy
i feel so pissed off over an old friend and some friends,anger
i have to report and suddenly your author feels bashful for his maniacal rants,fear
i would constantly feel agitated,fear
i walked away feeling inspired and excited about realistic things i could do to increase my blog s chances for being found,joy
i do these days that makes me feel a little uncertain about the future the pressures that pierce me deep the feeling of being completely isolated from the world i used to glory in and all the thrills that go with it,fear
i feel that uncertain should be a better communicator,fear
i focus on the injustice the anger rises and i feel frustrated because i know i cannot change things on my own,anger
i feel i had benefited more from last year s creative futures but could this be in part that the information i had learnt last year i was already putting into practice and therefore this year s sessions were what i was already doing rather than inspiring me to start,joy
i reply feeling suspicious,fear
i feel honoured to have this opportunity and look forward to the future and how our lives will develop,joy
im thinking of locking myself in my house until i manage to get it all organized but i have a feeling i may become as cranky and isolated as this dear friend a href http,anger
i feel nervous i dont feel super confident that i have it until i have the trophy,fear
i was beginning to feel fear nevertheless a stubborn person i am i swept the superstition away but i reminded myself to pay extra caution,anger
i feel deeply and truly content,joy
id start feeling resentful that i lived in a part of the country where the sun stubbornly refuses to show itself after the end of september,anger
i started feeling nervous thinking about how id planned to feed younger teens,fear
i think honestly i did feel a bit vulnerable,fear
i notice myself worrying about him i push that feeling away and replace the thought with something positive or remind myself to let go its out of my control,joy
i feel lucky that i have an awesome life and family even though i belong to a middle class,joy
i just cant make proper conversation and feel annoyed by little things,anger
im loving the green in this picture but have a feeling i may be going with something a little more kid friendly,joy
a boyfriend with whom i split up with came over to a friends house where i was visiting with a male friend in a confrontation in another room he tried to find out if i was aroused by my friend by feeling my parts,anger
i used to get the worthless feeling like i said previously my gear was going on ebay but now catch or not i m not bothered it is all about having a go i think a little more when fish are thin on the ground but not dejected or angry,anger
i feel that there is something valuable about herzog s study particularly as it relates to the idea of art and media influencing society and culture,joy
i am feeling is also a blossoming eager anxiety,joy
i hope the sensibilities of these deep feeling individuals arent too badly shaken with the display of the pink locker room,fear
i feel reasonably assured run no magical genealogical strains,joy
im feeling more relaxed,joy
i think he feels pretty cute in this,joy
ive always been a giver not a taker i feel selfish in considering this idea,anger
i sort of feel a bit unsure now as to what to touch upon next,fear
i feel blackburn will be a stubborn team against blackpool and holloway will want a positive reaction in this game even if they don get a result,anger
ive missed over a month of training and organised etape prep rides including the etape caledonia and am generally feeling pretty pissed off and depressed about the whole affair so have avoided thinking about it,anger
i feel strange and weird about this entire struggle am i the only one who deals with this kind of conflict,fear
im not feeling the outfit but the heels are gorgeous,joy
i confess that i was feeling nervous as i made my way to the event venue,fear
i view jesus as a human being through whom i and others feel weve encountered the divine i dont view him as a superman,joy
i cant help but feel a little bit agitated,fear
i didnt feel that it was strong enough to stop me from turning into a strawberry by the end of my holiday,joy
i have these random moments where i feel suddenly very creative and would love to sit down and hear the tick tick tick of the keyboard keys as my thoughts spilled out onto the screen,joy
i feel reluctant to leave,fear
i have grown accustomed to the creative freedom of living by myself i can dance around my house and write songs and play guitar without feeling inhibited by the eyes and ears of others,fear
i get headaches am easily agitated feel frightened and aggressive,fear
i feel so much more comfortable with myself now that im not trying to dress a certain way that isnt really me,joy
i have a heart to serve to better their situation but in that moment i feel so helpless,fear
i feel like i meet the most subtly obnoxious annoying people in the universe,anger
im feeling a little more adventurous,joy
i wake up ill feel really really mad,anger
i feel rebellious today so i ll leave this as a warning to myself on how radical i can be,anger
i am feeling pressured and backed into a corner,fear
i feel frustrated irritable even,anger
i start to feel more and more frantic and rushed trying to provide excellent care for my patients and then high tail it home,fear
i could feel its warmth in the strange stillness and it comforted me,fear
ill be honest i feel almost as relieved now as i did when i first found out i was getting book published,joy
i feel so invigorated by the sunshine,joy
i feel very angry but once a simple msg made me blur really blur,anger
i remember feeling as innocent as she looked that day,joy
i feel this triumphant pride as i stand at the counter like i am achieving some high level male honor because i am a female doing this a redhead to boot,joy
i didnt feel threatened or concerned really but i wasnt entirely happy about the situation either perhaps instinctively because im usually quite prepared even pleased to speak to a passer by,fear
im feeling a little stressed out about it but i cant do much right now because im waiting for a couple of tax returns in the mail and a letter from jasons employer which is taking quite some time,anger
i had to take them out for a while leaving me feeling even more distressed,fear
i can think about is how lonely i feel im all grouchy and agitated and esily airritated,anger
when my grandmother came to stay with us permanently as she is a very difficult person to stay with and when she started telling false stories about us to other people,anger
ive gotten so used to hearing from david all the time i havent heard a lot from him tonight he stayed over last night and as a result im feeling a little paranoid,fear
i am drawn to totally solid neutral bags in black and brown throw in a vibrant patent red and maybe if i m feeling dangerous a metallic clutch but that s usually the most adventurous i get with my accessories,anger
i feel like a paranoid annoyance when in reality she wouldve talked to anyone that way,fear
i do feel a shift in me to being more positive,joy
i have not written is that i am still feeling angry about something that happened on friday which seems to have invaded my happy place with recurring angry thoughts,anger
i feel so thankful to be in a part of the country where i can train outdoors this late in the year and not have to bundle up or wear several layers,joy
i sing as one who feels contented with a comfortable life and comfortable christmas that includes general happiness about eternity,joy
i feel like my life is practically perfect in every way right now and i am every so happy,joy
i feel so fucked up now i want to shut myself up,anger
i appreciate the award i feel there are so many wonderful blogs out there that we are all winners,joy
i cant help but feel that if i hadnt had been so selfish then i could have sheltered you from feeling this way now,anger
i been so acquainted with sleep i feel like i should name it to ensure im not being rude or maybe it has a name already,anger
i feel so welcomed,joy
i only have to think about a high school experience and i instantly feel like that shy confused and terrorised teenager again,fear
arriving in new zealand as a teenager first overseas trip something exhilarating about the change of scenery etc,joy
im feeling very petty right now,anger
i feel hesitant to do it since i don t have any experience with programming and all,fear
i hate feeling like this im always getting mad for no reason feeling lonely,anger
i feel like a tranny a lot of the time a title blake lively feels like a tranny href http www,joy
i want to feel energetic again and when i do just that bit of exercise every day be it minutes i feel more awake energized and more focused,joy
i have written but you feel the need to point out that someone somewhere could be offended if they were to read my words out of context knowing nothing about me and after having a really bad day do not bother to inform me of this,anger
i think i wake up every day feeling terrified in some way but then i feel totally exhilirated when facing things i ve always been scared to do,fear
i woke up on the sofa feeling extremely agitated around pm,fear
i am feeling pretty shaky and sad,fear
i really want to write and still feel like ive not been useful that day,joy
i feel shy when people reading these but i am writing it here so brothers and sisters would see how real life works,fear
i slow a bit to stay with him partly because i am feeling like if i start to win he will just give up and partly because i am afraid that if i push it he will kill himself trying to stay with me,fear
ive known that this person has been miserable for years im still feeling pretty shaken,fear
i know is what i feel and i feel absolutely terrified so overwhelmed with desire and like all i can do is cry and drink beer and prey that maybe i will find a way to make all of these lyrics work within my thought process,fear
i feel weird with just his perfect day of worry free lazy junk food and video games,fear
i feel to you or dad because dad is pissed about the dishes and will in turn belittle the way i feel to simply me being a spoiled little bitch who doesn t do jack around the house,anger
i just like spoiler cuts they make me feel simultaneously badass and considerate,joy
i do feel envious of those with kids at certain moments,anger
i feel rebellious a little annoyed mad caged in,anger
im not feeling frantic yet so instead i am going to make this sleep teddy,fear
i often times feel helpless in regards to my life s path,fear
i think i would have been feeling less grumpy if i hadnt been up and down throughout the night or my lungs deciding that even though i wasnt that unwell it felt as though something was sitting on my chest and flattened me,anger
i feel bitter that my cancer was relegated to unnecessary to meet with someone as important as an oncologist,anger
i feel it is too dangerous to invest in such markets,anger
i have to do this and make some vj feel jealous,anger
i don t know why perhaps because other girls in the office had nice short hair or perhaps i was just feeling rebellious,anger
i would not feel hesitant in using the medical system again if needed,fear
i ate great and whats even better is that i feel terrific,joy
i try to feel confident about it but when ever our eyes meet i feel strong like in gym we have the exercise machines and i could only do lbs on average and i always wanted to do,joy
i was reading the melee dps rant below just now and it brought to my attention the reason ive been feeling fairly dissatisfied in raids recently,anger
i sit and remember what longing felt like and what denial feels like it is so strange to think i couldnt have changed my own perspective the experience itself created my view of the world,fear
i feel shy to him all the time,fear
i feel indecisive on whether or not i feel the book huckleberry finn should be censored,fear
i feel helpless,fear
i feel like you feel this is a mistake but time is fucked up sleep won t take,anger
i may not feel hopeful and many days i do not but these truths i must call to mind the lord is my portion therefore i will hope in him,joy
i feel that each point is equally important than each,joy
i decided for the first time in about months to try not wearing my ugly pink and black running shoes and at least feel a little bit cute going out,joy
i didn t wish to be the president i hardly know these people and i got the feeling that they hated me for being quiet and not smiling,anger
i feel like i totally fucked up,anger
im feeling so pissed off that i wanna scream and shout at the wall facing me right now,anger
i get a little twitchy when i feel like someone is depending on me and i have to have a flawless job done in the end,joy
i feel guilt that i was cranky last night and didn t fully embrace my evening alone with the boy,anger
i feel pressured to talk to them,fear
i feel so pretty and glamorous,joy
im feeling a bit frustrated with myself tonight,anger
ive found my interest in s u waning and ive even come away from some portrayals of their relationship feeling dissatisfied,anger
i chose to go with my gut feeling i think this only amused laetshi further if i d been the easily flustered type he d have probably said something,joy
i even go further these subjects are not interesting to me in anyway because i m relating to them personally some example will be used with imaginary names to protect friend and family identity s please do not feel offended if u see your name,anger
i was just feeling so annoyed about everything,anger
i spent today working in my lawn and feel invigorated,joy
i absolutely refuse to feel insecure about how i look anymore,fear
i feel delicious absolutely darling and delicious,joy
im left feeling paranoid and like it keeps getting harder to feel happy,fear
i was starting to feel a little bitchy by this point,anger
i feel your motivation will be satisfied when you read this write up also who understands,joy
im feeling quite cold actually,anger
i feel like ive been terribly wronged and that all is hopeless,anger
i am feeling a tad smug right now,joy
i remember feeling uncertain about myself when i was young and especially when i became a teenager,fear
i am happy with the news comeback i am feeling agitated with some fangirls,anger
i feel tortured every moment and theres nowhere i can go to get away from it or to get back to what i was used to,anger
i feel greedy about my work img height src http forums,anger
i get to tell her that i love her to make her feel valued and appreciated to tell her how beautiful and intelligent she is i do,joy
i feel like its important to reveal lessons youve learned in tough times along with ones youve learned in awesome times when you are endeavoring to build an audience through honesty and authenticity,joy
i might feel a bit proud if i had one on my left wrist as this is a turbillion watch made in hong kong,joy
i sometimes feel very vulnerable,fear
i will still feel insecure,fear
i was feeling so indecisive and blah,fear
i am anxious to see the movie bully it s trailer left me feeling shaken and nostalgic,fear
i feel radiant this morning,joy
im feeling so angry because that was just wasted work from her side,anger
im feeling ok and always has a hand on me or sits very close,joy
i read a story that left me feeling confused frustrated and a little angry,fear
i just feel so irritable which i guess is a classic symptom of depression,anger
i hope you can feel glad that she gave you so many things including memories that you can cherish,joy
i feel quite jolly in spite of the heat and the lack of commercialism,joy
i am sure the organisation themselves have the best of intentions though i disagree with them whole heartedly its just i get the feeling that some of the demostrators will be slightly hostile to students,anger
i can not drop this class because then i lose the financial aid for not having enough credits plus i feel like a quitter and im too stubborn for that,anger
i like to participate in sketch challenges from time to time when im feeling inspired,joy
i hate it i am feeling bothered by my boob size,anger
i want her to be able to trust me with everything i want her to feel like she is the most valuable thing on the face of the earth i want her to feel like there is nothing that i could ever even consider thinking about because of how amazing she is,joy
i am terrified and not feeling terribly keen right now,joy
i feel greedy with my thoughts and it is a relief to let them linger,anger
i feel for the genuinely shy and cautious women at home who after reading shades think that theres something wrong with them that they dont orgasm when someone touches their boob,fear
i feel wronged but the judges people make at times however i also found out that actually in life we just need to be responsible to our own actions and and the people around us,anger
i feel like thats what vicious circle is,anger
im feeling rather inspired yet low i will enjoy my writing and even though i may be writing about morbid things i will find a way to make it interesting to read,joy
im feeling a little smug too im usually running late for whatever im planning to d,joy
i feel a little strange chasing after them since im so disappointed in the brand as a whole,fear
im sure she left feeling angry and unhappy but she also caused members of staff to feel angry aggressive and upset hurt as her final say was a personal attack to say we were awful individuals with bad attitudes,anger
i get some exercise and feel like im doing something worthwhile in the meantime,joy
i had then these were truly terrifying and still feel shaken and uneasy because of them,fear
i feel like i smell pretty after i use it,joy
i feel hesitant to comment because i don t want to add to a pileon but it seems clear to me that those involved haven t learned from their past experiences nor are they interested in applying that learning to future projects,fear
i have control issues though they really only kick badly when i feel unprotected or dont trust my safety net,fear
i made it and enjoyed most of my run but now i m feeling greedy,anger
i can however tell you that it will hurt you will be humiliated and you will feel wonderful afterwards,joy
i didnt cry but i was starting to feel neurotic so my sister who was amazingly chill that morning brought me an ativan,fear
i remember feeling inspired and thinking that it was a fine example of parenting,joy
i hope that one day i feel some sort of divine inspiration and motivation and that these fasts will come easy for me but for now they are on my back burner something i hope to focus on after i am done having and raising children,joy
i feel so pissed and i feel like sleeping s,anger
i always liked the winter season i feel that im well adapted to cold weather,joy
i was tired of feeling like a helpless victim and stuck in my circumstances and slowly started making changes,fear
i spent two hours working on my crochet gift for you but i still feel restless and slightly sad,fear
at school,anger
i really dont like the whole harvest y time feel im not keen on spending my time in the morning attempting to style my hair only to have it completely ruined within a minute of walking outside into the damp air,joy
i don t know if i should be feeling this way because it would seem greedy and not nice to expect someone to splurge on the spur of the moment just because i asked,anger
i feel a bit afraid of not thin and thin i would like to know is elevated thyroid hormone eat less because of the movement to improve the metabolism or drug but that still in the normal range within the distressed in the end because of hyperthyroidism thin or i was really healthy thin,fear
i feel insulted that he doesnt know me better than that,anger
i feel like ya allah im scared puff it was fun man then id an idea,fear
im typing all of these im blowing my nose and feeling extremely cranky,anger
i will start to feel resentful,anger
i was listening to belle and sebastian feeling agitated,fear
i feel threatened i feel fear,fear
i do do what i do it always feels worthwhile as soon as i step foot in that stadium wherever it might be in the world i feel at home,joy
i read up on the practicies and cult like beliefs of falun gong and now i feel sceptical and a tad bemused,fear
i don t know why i feel so bashful defending it,fear
i may not be completely sure on a lot of things but i am a very opinionated person and when i have opinions on something i feel very strongly about them and i can be very stubborn when it comes to them especially when it comes to politics,anger
i haven t been able to shake this akward and unusual feeling i feel irritable and space out all the time feels like i was surged as well as my computer,anger
i walk by those temptations i feel disgusted,anger
i woke on saturday feeling a little brighter and was very keen to get outdoors after spending all day friday wallowing in self pity,joy
i could at least count it i didnt feel as frantic while the group followed the bird as it moved north through the trees,fear
a few monthe ago,anger
i was feeling quite impatient and must have hit the ad because thats when my internet died and vista virus pro started to bother me,anger
i do however feel a bit envious of people who have different perfumes for different seasons,anger
i can only pass to my left side and i would have to occasionally reset if my weaker leg gets put in half guard but did not feel comfortable taking the back nor mount,joy
im just feeling so fucked up nothing can cheer me up,anger
im feeling a little grumpy today with the lame weather tease we got over the weekend,anger
i feel so glad,joy
im going to go do my anti dance flow now and if i feel eager since ill be on the mat anyhow i might even do a few circuits of grow a spine,joy
i feel as though there has been some divine intervention on my behalf,joy
i stare and feel utterly helpless,fear
i was feeling a little shaky and called it a day on the small bike,fear
im feeling so goddamn pissed and just,anger
i took several deep breaths feeling the cold air burn its way into my lungs and exhaling little clouds of vapor,anger
im unhappy i feel irritated by everything and i yell,anger
i try not to let their ignorance get to me if i have the energy and it feels important sometimes ill engage them in a little light debate and try and to broaden their view of the world,joy
im just feeling particularly obnoxious tonight,anger
i feel wronged by certain people and my instinct was to get angry at them and stop speaking to them but two wrongs dont make a right i think,anger
i do not feel like i am hostile toward others just that i fail to be nice to them,anger
i feel consistently dissatisfied disengaged disinterested and without any zest for what i m doing in my life i eat,anger
i wish things didn t feel so strange so out of place,fear
i may trust my partner to look after me and my needs and those of our relationship i feel threatened because they arent in control of the situation and obviously neither am i,fear
i feel so bitchy talking about myself this way ahaha i sound less retarded telling this story in person i swear and said if i were a boy i would fall in love with you,anger
i cant shake off my feelings of being offended and hurt no matter how hard i try and the conversation keeps consuming my every thought,anger
i hate feeling indecisive because im being negative right now and i dont know what i want,fear
i woke up emotionally drained and anxious and immediately my defenses rise and i feel irritated that this is my story my life,anger
i just don t feel thankful rel bookmark some days i just don t feel thankful posted on a href http babychaser,joy
i know mom s who would take once look at my facebook profile and feel envious of all the fun i seem to be having out with my friends the carefree state that my life is in where i am only responsible for me and can pick up at any time and go away for the weekend,anger
i feel they are pretty safe on my blog img src http s,joy
i feel like hed think that was pretty cool because i certainly do,joy
i remember as a child feeling totally scandalized and outraged when i found out that girls didnt play in the nfl,anger
i didn t feel like getting shaken down by the tsa quite yet so i pulled off to the side at creative croissants for a lunch,fear
i me still feeling cold from the swim which doesnt really count as one earlier on,anger
i ask to know things and then everything changes and then i feel a bit shaky as i try to keep up with my own leading edge and the huge amount of change i m invited to allow as i come into alignment with and catch up with me,fear
i love the feeling of the cold nipping at my nose while im in warm clothes,anger
i feel angry or resentful all i need do is remind myself that each day sober has been made possible by a fellowship which supports me all the way,anger
i am angry that my employers do not invest in us at all training pay increases bank holidays and it feels like injustice so i feel helpless,fear
i feel still very honoured and i am deeply thankful that i was granted this opportunity,joy
i feel honoured to have been able to call them friends to share their brotherhood,joy
i feel angered by this,anger
i also feel strange that by the ripe old age of twenty three i want a goddamn life partner,fear
i feel more like the girl i was when i was at i was fearless excited for life and discovery,joy
i still cognize that disregarding of how i feel this jesus thing is real and he has shaken my cosmos for the last about yearses,fear
i almost feel intimidated by the attempt to describe it,fear
im feeling quite distressed about the amount of horses whose jaws are jammed shut with what i consider to be excessive nosebands along with a considerable amount of metal in their mouths,fear
i know now makes me feel outraged,anger
i feel hes being very casual with my entire future,joy
i was feeling angry at myself for feeling self conscious about my shorts or for wishing that i wasnt alone,anger
i stop being so reactive every little time i feel wronged or sense wrong in the universe,anger
i do feel angry,anger
i feel like the sequel was ok but overrated not as great as so many deem it to be,joy
i feel greedy and selfish,anger
i feel so weird about it,fear
id have to get to the class for eight dance for an hour nine get home ten if im lucky eat i cant eat before a class as dancing when full makes me feel vile sit around digesting etc ish then get to bed and try to sleep before getting up unnaturally early,anger
i got a feeling by the look in her eyes that she was sincere,joy
i feel resentful about my education rel bookmark why i feel resentful about my education a class entry author href http liveagainsttheflow,anger
i said feeling a little shaky as i stared at the ocean from which the goddess was rising not knowing why,fear
i feel hesitant to tell them the truth about leaving the house to get the toy,fear
i feel good having defended the sanctity of the span style webkit text size adjust auto webkit text stroke width px background color white color display inline,joy
i feel indecisive about baker although my room is the smallest double it still seems big but i hate how loud the guys across the hall are,fear
i am beginning to feel startled by how little of last week i remember,fear
i feel horribly restless,fear
i could understand if a survivor reading this might at first feel offended by my talking about abstract forms of rape,anger
i was feeling resentful enough to want to write about it here which means i need to work on look getting my hackles raised when others judge me,anger
ive gained wieght but i really would like to lose pounds to just feel like ive finally gotten to an acceptable happy place,joy
i am on this track i feel good things coming,joy
first anatomy lesson,anger
i didnt feel especially nervous in finland but when we landed in paris i was a little unsure about what would be ahead of us thought st grade student janne suominen,fear
im happy to report that i didnt feel that angered urge to smack olivia today the way ive felt it before,anger
i feel greedy about wanting to see this film series continue,anger
i was starting to feel scared for both of their safety and i wish those officers hadn t left no matter how much i hated them,fear
i feel like life is too good to be true,joy
i feel so lucky to be nominated for the liebster award,joy
while cycling in the country,fear
i feel better about myself almost tasting my success,joy
ive collected as i feel its vital to create something precious from those items as a tribute to the earth and its power generosity,joy
i feel energized and eager to write tomorrow,joy
i saw i had a direct message dm on twitter from a former friend jeff who i no longer feel friendly toward,joy
i feel so cold here,anger
i feel really petty and immature but i dont want to cheat on greg or end up breaking up because were fighting over the stupid little things,anger
i should feel like successful independent woman a la destinys child no,joy
i feel that in order to prevent a lot of this company violent manager should have to have some sort of formal training as well as mental evaluation,anger
id be feeling shaky too if id spent a week contemplating how id just pissed away my lifes work,fear
i am feeling more and more dissatisfied and anxious about this self imposed weekly deadline,anger
i feel reluctant to just leave her alone like that without helping her enough to repay her goodness to me,fear
i would also hate for you to feel i was selfish in my decision,anger
i don t want to tell people how my first was with you and how you made me feel i don t want to think that you re the most gorgeous guy i ve ever seen and i love how other people disagree because i don t want them to see how truly wonderful you are to me,joy
i feel that the very foundations of my faith have been shaken to the core,fear
i just feel like i havent shaken it up lately,fear
i feel hesitant and uncertain sometimes,fear
i just feel terrified like im on the edge of a precipice staring ahead,fear
i had a quarrel with my parents i was convinced to be right,anger
i feel pretty terrified immature and not ready,fear
i can tell you the things i don t feel that maybe i should be feeling but i can t really put my finger on the cause of my being shaken,fear
im feeling doubtful about my writing dreams to know shes behind me,fear
i feel insulted but i go out with him anyway,anger
i completed this card a while ago but im not feeling it and was very reluctant to post,fear
i have found a no of people raising this issue but then i have not yet come across any officials addressing the same i am just feeling helpless,fear
i have a feeling im going to be seriously envious of whoever wins because i really want this one all to myself,anger
i noticed earlier not involved in the group s turn to speak in front of the class and you could feel how nervous he was,fear
i feel graceful and almost mythical,joy
i felt i completely belonged and i didn t feel shy and frightened any more,fear
i feel so honored to know all of you,joy
i can t even feel outraged by it,anger
i want to feel inspired on the job,joy
when i had a serious argument with a dear person,anger
i shouldve stopped feeling envious she has her own life i knew it but its still so hard,anger
id feel triumphant or something,joy
i started feeling festive a little early this year,joy
i love him but i feel threatened with him around a little,fear
ive decided to intentionally make it easier on myself even though it makes me feel wimpy admitting that is the reason but this girl does have to work a day job,fear
i honestly feel at heart we should be faithful to each other if its yo girl,joy
i am feeling so festive right now and not just because this was the lovely wintry scene when i walked the dog the other day a href http,joy
i can only guess that the boys are feeling shy when i m sick but honestly i could use some help now,fear
i first entered the clinic i feel very welcomed by the beautiful ivory themed furnitures because the whole clinic look very clean spacious and professional and the cheerful consultants awaiting for me at the reception with a smile of course,joy
i could of course go on with it feeling resentful of him with him being blissfully unaware of anything being wrong,anger
i kept crying or feeling cranky,anger
im feeling the world spin around me while im in bed only after a couple of glasses of wine which doesnt do this to me im getting suspicious,fear
i feel so blessed to have both lisa and god as friends in this life,joy
i feel bothered,anger
ive had a feeling of being satisfied with the performance of my car,joy
i find when i look at things in this way i deal with the situation better and do not feel as agitated,fear
i woke up on a beautiful sunday morning feeling restless and miserable,fear
i wonder how genentech feel about a hostile takeover by its global partner,anger
i am so very tired and feeling overwhelmed with my everyday responsibilities which brings me to the point of this post,fear
i was in i could feel him and i hated the drawn tight feeling i had,anger
i feel extremely mind fucked,anger
i am feeling increasingly hopeful,joy
i feel frightened by it all,fear
i continued on my way despite feeling a bit strange with my flexy new shoes and sweat soaked back,fear
i am feeling spiteful,anger
im still not sure why reilly feels the need to be so weird,fear
i know that i will never see this place again and that would break my heart had not a thick layer of moss encased it in a thick shell muffling all other sharper feelings pleasant or painful,joy
i remember sitting in my family room in dallas watching the story unfold in new york so many years ago and feeling so helpless,fear
one of my very good friends came to me for advice as her boyfriend had been hitting her and beating her quite harmfully,anger
im feeling determined to face facts have a gander at my donut a href http,joy
i ask you not to feel pressured by this,fear
i feel honored or insulted,joy
i feel terrific and i m starting to put weight on,joy
i was feeling relatively indecisive and not very hungry until we walked past a barbeque place,fear
i like to finish on a positive note that whenever i feel a bit fearful or down i can just remember something nice about me and rich and it cheers me up,fear
i write this i still have that vaguely spacy feeling and im not sure ill be an effective human being,joy
i know all art animals are lame and i feel particularly violent about the crabs,anger
i feel so pissed off that i can bite off a fucking tree log,anger
im feeling stressed overworked and running on fumes,anger
i feel myself uncertain as to the next step to take,fear
i would feel so pissed off,anger
i know they mean no harm but i cant help but feel offended,anger
i feel scared that i own it,fear
i feel that at shows and around show horses people are trusting and relaxed because most show horses are safe and quiet and are handled frequently,joy
i feel like a selfish bitch for feeling this way when countless impoverished people are suffering surely a hundred folds more than i am,anger
i was tempted to feel a little bitter but then i saw this,anger
i supposed i ought to feel thankful for that adding with a sarcastic edge at my age,joy
i feel so shaken and guilty for not being a better mother and shielding my offspring from this health problem,fear
i guess it all just depends on my mood whether im feeling sociable or not,joy
i wanted to make sure i didnt feel rushed getting to century college on friday afternoon,anger
i will feel so glad to go sing me to sleep sing me to sleep i dont want to wake up on my own anymore,joy
i will feel a bit of insecure,fear
i feel selfish but she would insist,anger
i mean it didnt feel like one it felt like a casual outing just meeting up to catch up and all,joy
i realized today that i dont know what i want and thats the primary reason why i feel so dissatisfied so often,anger
i spent most of that game feeling unsure about where i needed to be what i should be doing and just mostly feeling completely lost,fear
i always dread that part of the meeting although dont think i didnt shoot my hand up into the air feeling all superior week when i lost,joy
i started off feeling rather cranky and grumpy and ultimately ordinary then there was a little facebook flash from my cousin in west meath and suddenly we were pinging bad jokes and naughty stories about rudolph valentino performing unspeakable acts back and forth and it felt like a party,anger
i feel scared and worthless when someone doesn t love me,fear
i am feeling very cranky this christmas,anger
i know tv isnt everyones cup of tea so if that includes you feel free to scroll down a bit,joy
i shall never feel like i am less than a valued human but i will always know that my needs can and will be met by gods people if i get rid of my pride and ask,joy
im feeling particularly generous,joy
i am feeling very restless irritable and discontent,fear
i begin to feel terribly rude and that causes me to become depressed,anger
i can no longer wear my t shirts without feeling like i m supporting a totally different band,joy
i want people to feel brave and i want society to accept us as disabled people amongst us who deserve dignity and respect not to be shunned and laughed at,joy
i feel infuriated every time that the christmas season draws near,anger
i dont feel as carefree as i used to and this worrys me a tad,joy
i just hope we can help him feel less afraid and more supported and loved,fear
i hadnt read on a blog before and you guys i feel thrilled that i know you at all,joy
i wonder does anyone ever feel particularly inspired or moved watching question time these days,joy
i generally don t eat a lot of junk it is mostly stress eating but as i become more comfortable with the child care i am feeling less stressed and eating less junk,anger
this happened when i could not get into the school i had initially wanted,anger
i have to say i feel slightly envious of julian,anger
i just couldnt fall asleep feeling scared,fear
i feel like i get easily distracted in making things and switch around to many different projects throughout a week,anger
i feel it s because we re unsure how we can help,fear
im back with another skincare review well actually i feel reluctant to make a review of sectret key snail egf repairing gel cream because i even stopped using it switched back to my second jar of a href http sparkleapple,fear
i could say that will make anyone feel better than actually reaching their goal themselves,joy
when i heard about the treatment of a friend in jail really inhuman i never realised that such things also happen in the netherlands,anger
i feel that someone is being rude or has wrongly done something to me i lose it,anger
i went to see my pcm on post for a follow up appointment and i left feeling hopeful and optimistic,joy
i burst out feeling shaken because i was pretty sure i d just hit a bird,fear
i got the feeling brig is sincere and has a very strong desire to help others become successful both financially and also through building strengthening relationships through christianity,joy
i feel suspicious of innanimate objects and as though my house is actually the set of a play or a movie or some kind of model of itself and how did i come to be here and why is that carpet looking up at me like that,fear
i had no idea i was giving off this vibe but i feel like this is a pretty dangerous vibe to be giving off all willy nilly,anger
when my mother was seriously ill and had to be admitted to the hospital,fear
i have said this before being a mom has made me feel more vulnerable than i have ever felt before,fear
sometime back another girl who was in terms with my exboyfriend came to shout at me at twelve midnight it was because she thought i was still interested in the boy,anger
i think i m also feeling restless,fear
i feel pretty most of the time,joy
i personally don t think a cavalier should be trimmed i feel it spoils the look of this breed especially when it has such a gorgeous full coat,joy
i couldnt help feel infuriated when i had left the building,anger
i feel like i am being obnoxious by posting every three seconds,anger
i feel tortured and sickened exactly the way i felt the last day of lances leave,fear
i feel there are some who still wants us together and i im being rebellious,anger
i feel helpless because i cannot stop it,fear
i need to feel the dough to make sure its just perfect,joy
i remember consistently feeling dissatisfied with my progress,anger
i honestly never expected to feel so vulnerable,fear
i am feeling very smug as i am continuing my resolution to use up some of this huge paper stack that i own and never cut into so heres the latest offering using more of my graphic curtain call papers,joy
i dont hate you i just honestly feel so bitter towards you atm,anger
i feel fearful seeing this bridge an emotional tith sam ath whose year old son died in the disaster told afp,fear
i don t know it s just that it was like on top of our head so much of yesterday that it was really bothersome and we re still feeling a little mad about it,anger
i was just not feeling up to it for a few reasons but i am so glad to be back,joy
i will continue to struggle with experiencing normal feelings and the sense theyre chipping away at precious time,joy
i feel pride that i don t have to buy a roll of quarters from the bodega on the corner and this feeling is the only thing that keeps me from being irate that our laundry room is oddly devoid of coin changer machines,anger
im feeling agitated and pour more brandy on my coffee,fear
i feel extraordinarily lively,joy
i could find another reason i m new in the area and i feel less intimidated with a simple tool that i can understand,fear
i sort of hate glasses because they make my eyes look small and since huge eyes is all i have going for me it was quite an upset but im hoping these bigger frames will make me feel less paranoid,fear
i can stay awake whole night feeling all energetic and stuff,joy
i feel people are scared of me or given up on me,fear
i was afraid i was going to freaking explode my muscles locked into place and all i could feel was the absolutely ecstatic sensations ivy s hands were creating,joy
i feel when i read your words and realize one more time just how very good of a writer you are the feeling of shared sympathies,joy
i feel like the dust in me has been shaken and still has not settled,fear
i find myself feeling agitated because of how what the kids are playing i ask myself did i play this way when i was little,fear
i don t feel bothered about it getting credit equals getting debt and i have no interest in doing that again,anger
im feeling distracted and likewise attracted to all the things that you let me know all the things that you cant let go youre waiting,anger
i feel i should probably move on to the meat of my story before i get too distracted by the side dishes what happened to good music,anger
i know i feel personally offended by this on so many levels,anger
i feel disgusted to even be associated with this woman by my race and nationality,anger
i am tired feeling overwhelmed and it seems like i am being assaulted from every direction i am not always at my best,fear
i know this is not specific for me and almost everyone else has a similar experience but i still can t help but feel appalled,anger
i want to tell you what im feeling but i dont know where to start i want to tell you everything but im afraid youll break my heart why would something easy be so hard to do,fear
i know is that right now i feel like i am still in th grade trying to be as useful as my little legs will let me be,joy
i have a feeling hell be a casual favorite if blue or red are heavy colors at your casual tables otherwise i could see it in tournament decks while red is popular and possibly when if blue steps in its place one zendikar block rotates out,joy
i am feeling terribly mellow today sitting in bed looking out the window at the red orange green brown trees outside my window listening to norah jones and reading stuff,joy
i feel this violence is petty and impractical,anger
i have been feeling conflicted on whether or not i as a follower of christ should celebrate the ever popular pagan originated modern day holidays,joy
i feel resentful that it hurts so much but i m also grateful she said for what i can do including disco swimming and even taking the stairs,anger
i or you are feeling adventurous you can buy k ji kin spores by mailorder and make your own kome k ji using the rice of your choice,joy
i feel more self assured but more than that i feel whole,joy
i hate feeling that im so indecisive,fear
i is feeling particularly hostile shell say no red shirt today nickey,anger
i have a feeling that jeremy is not going to be too keen on the vinegary smell that calli is giving off right now,joy
im feeling queezy and cant be bothered putting these in order so here goes,anger
i now feel so determined to smash round and really give her something to be proud of,joy
i have wasted entirely too much time feeling insecure about my body,fear
i feel pretty terrified about letting down all those good people kind enough to support my work,fear
im sure you know the feeling of cant be bothered i just feel poo,anger
i feel so nervous about being around people being with someone,fear
i think about myself personally when it comes to investing i feel like i would fall into the investment category of getting greedy i think id invest into a bombing market like coca cola in the s,anger
i am feeling rather grouchy too this morning since i didnt sleep last night on purpose,anger
i love the response i get from the students and it is such a good feeling when someone who is obviously shy comes and talks to you even if their english isnt great,fear
i feel more disgusted with the woman who s undoubtedly banking off this incident the one who handed the pictures off to political pundits who she has to have known would use them in not nice ways,anger
when my mother kept me in leadingstrings,anger
i guess that s where the phrase down in the dumps comes from try this think of something that is mildly upsetting for you some sort of negative emotion perhaps you were stuck in traffic or there was something on the news this morning that made you feel a bit grumpy,anger
i am wearing and feeling confident about myself,joy
i grabbed him by the collar and pulled him against me in a passionate tonguey kiss feeling his long member slide between my waiting ass cheeks as it pulsed on the frantic bud of my clit,fear
i just feel like a smarter more well rounded person because of it,joy
i have just good news to share and it feels so amazing just being able to sit here and feel relief and sunshine,joy
i was feeling some irritation and anger feeling being insulted,anger
i feel like that leaves me as the artistic equivalent of the crack between couch cushions,joy
i can pay the bills and still have some cash in the bank should leave me feeling pretty satisfied right,joy
i feel very relaxed playing with carl clarke says,joy
i feel like those rich people all fall into the category of don t belong when i see them on the bus,joy
i feel spiteful for typing this but the first hand knowledge and statistics ive gone over regarding mormons and anti depressants is startling,anger
i broke my uncles radio player accidentally and so i feared that he was going to cut me off from going to his house as well as playing it again,fear
i feel kind of talented right now lol hmmm,joy
i tend to feel a bit cranky when i ve gone for a few days without making art,anger
i can feel it and look with eager anticipation for what is to come,joy
i am feeling that cranky voice inside my head that just wants to eat whatever it wants,anger
i wound up feeling pleased with how tightly paced the film is,joy
i do not know that he simple feelings i am startled by startled though he did not understand the words but i was feeling his words there are overtones green ink why suddenly say,fear
im not feeling violent im feeling creative with weapons,anger
i somehow feel terrified as though if i dare slow down or walk in place to catch my breath billy blanks will jump out of the screen and yell into my face with all his fierceness,fear
im already feeling less agitated,anger
i feel so agitated about this,fear
i have made a few sets of his and hers wedding rings recently and i always feel so honored to be asked to make what is probably the most personal piece of jewellery that anyone ever buys,joy
i am trying to work on finding the joy in the simple thing that god is finding joy in my obedience to him even if it doesn t feel very joyful in the way that i am used to,joy
i love feeling like i am truly making a difference in students lives although sometimes i am unsure,fear
i wonder if this is just my bias from the fact that im doing a bible themed anthology and i feel like my intelligence is being insulted,anger
i want to exhibit all new pieces which is kinda making things a bit more stressful but i know id feel somewhat dissatisfied about showing old work,anger
i feel more anxious than i have in quite some time in fact,fear
i can feel him kick and move and know that it will be ok,joy
im feeling disgusted already but seriously though i dont really like to have my pictures taken cause ive always referred to myself as ugly,anger
i have not done any hill training but am not feeling apprehensive about it at all,fear
im feeling easily irritable lately too,anger
i feel super glued to my bed,joy
i feel like its perfect a w see youtube has its influences i even know trends,joy
i wonder sometimes how it must feel to be rich,joy
i am feeling fearful or upset about any situation in my life i have only to notice my reminder sitting right before me and i begin repeating this affirmation over and over again,fear
i just feel so appreciative,joy
i have to confess to feeling quite angry when i read some of the negative reviews of uses for boys some of which are basically victim blaming and slut shaming,anger
i already feel like ive been accepted into the community here,joy
im really just here to write whats on my brain if you want to read it and tell me im crazy stupid boring awesome genius then feel free,joy
i wasn t feeling pressured even if this was the longest race and the one i expected the most from,fear
i feel fearful about being vulnerable within a relationship i will see in others that they are not trustworthy and will in turn not trust them,fear
i feel like it only had created in me a more grumpy state at the meanness around me,anger
i feel that this was their mistake and they are just being rude,anger
im trying to go on how i feel hopefully next time i brave the scales i will have been good for a few days and will see a nicer number,joy
i didnt think i was angry but now that im typing away feeling my words evaporate into cyberspace i am very pissed that this is happening,anger
i definitely feel that my poems are in conversation with nature poetry but in the way that a rebellious activist might be in conversation with a government official,anger
i feel satisfied knowing the dirt and hair is no longer in the car and house,joy
i feel that there is a lot of me that would not be accepted if only the emotional side of me is wanted,joy
i feel reluctant to sell but hey,fear
i actually feel insulted when the plot goes off on a tangent like that,anger
i often feel like a child here i speak the language like a child i generally walk around the town confused like a child i have child like relationships with most of the natives and my knowledge of the area and culture is equivalent to a childs,fear
i feel she s frantic about controlling her message wary of others readings fearful of what meaning they might find and or create in her performance,fear
i feel pressured to be the perfect happy woman but it s because i have a hard time letting people in past a certain level so it just is easier to default to happy go lucky which i usually am anyway,fear
i feel fucked is available to pre order from a href http churchoffuck,anger
im feeling terrified no control and now my world is shaking the curtains close and it tingles and tickles inside in my pulse,fear
i am grateful to have a strong support system both internally and externally that i can rely on when i am feeling uncertain and weak,fear
i didnt want others negative energy weighing us down and influencing my feelings and thought process during this special time,joy
i just feel more vulnerable than other people,fear
i looked around and once again was disappointed that so little had shown up this evening but apparently this was my day to feel selfish,anger
i feel honoured to be friends with you,joy
i no longer feel happy to score well,joy
i feel like i want to punch him in his handsome face,joy
i was rather calm after writing down how i truly feel so was not as agitated as sonia yixuan and atiqah,anger
i feel stressed out i would watch movies alone or just walk on the streets alone,anger
i am not even sure how to formulate my thoughts since i just put it down and am feeling slightly overwhelmed,fear
i feel very privileged not only in being able to share in her artistry but knowing she has my back,joy
im feeling pretty comfortable,joy
i remember feeling how my husband felt when i would see people being rude to my mom and mom just being her sweet self to them,anger
i mean how would you feel if euan got hauled in for murder but you knew he was innocent,joy
i feel very valuable through you all,joy
i feel only love yesterday it brought tears to my eyes to hear him say that today i realize that it was why it was so special to be with them i was surrounded by love,joy
i think since im compelled to act all meek and asian in front of my own kind i feel a tad inhibited to the extent that i cant even be myself,fear
i feel pressured in social situations yes but not as much anymore i love my body enough to not abandon it for the sake of someone else s beliefs,fear
i feel angry thinking how much the government has gulped away over money,anger
i feel angry because i have led myself to leading people to believe i couldnt do this,anger
i never want to diminish the pain ocd has placed on peoples shoulders and so i speak only for myself when i say there is and has been worse to go through than the burden i feel i think to watch my children starve suffer or be tortured would be much worse,fear
i was feeling apprehensive about my life as a student i felt like i couldnt succeed wouldnt succeed could never succeed,fear
i feel like making this a stubborn battle of wills,anger
i dunno being around him makes me feel like a startled rabbit,fear
im feeling frantic about time as if the whole summer were a giant hour glass and if im not vigilant all the sand is going to rush out in a whoosh and ill have dipshit to show for it,fear
i feel like ive been held back a lot this summer with soccer and my mom not trusting me,joy
i am feeling very unsure of my future,fear
i told im i didnt want him to feel uncomfortable,fear
i feel cranky already,anger
i always feel pressured to make it perfect fit for for all audiences and gorgeous in creativity,fear
i decided that since things were finally starting to go well but i was still feeling a little uncertain i d give myself a little more time to let the training come together,fear
i feel that the life issue and posts like this one will just be met with violent and angry rhetoric,anger
i might have folk over soon if im feeling brave,joy
i tend not to want to cook if i feel grumpy or tired or just stressed,anger
i feel like i was a rude ass hole at hookah,anger
i know im feeling agitated as it is from a side effect of the too high dose,fear
i feel like shes just so distracted but when it comes to my year old brother she waits on him hand and foot,anger
im not feeling terribly adventurous plus i have family visiting so i cant completely neglect them meaning its going to be business as usual for me,joy
i sat on a windy beach feeling thoroughly annoyed i vowed id be back and i would climb scafell,anger
i couldnt help but feel a little out of place in our casual attire,joy
i feel more energetic than i have in years,joy
i can spend my life condemning others i feel have wronged my people or me and yet my own consequences are strangely bitter,anger
i feel as though i am living the world of opposites where a long cold winter is a sign of global warming free speech is only free as long as it is practiced in the echo chamber of political correctness and the u,anger
i am wondering if i am feeling brave enough to make them for gifts,joy
i really hate that feeling when youre unsure about something,fear
im pretty sure it had to do with the fact that im dealing with hyperemesis not enough sleep and feeling irritable,anger
im feeling cranky,anger
i feel strange coming back to work after my one day holiday,fear
i feel greedy with my self as of late,anger
i am feeling very fearful that things arent going to go the way i want them to with my ex,fear
i feel my strengths are that i m very determined motivated in the workout room,joy
i feel that every step in my plan has been taken with the divine help,joy
i can begin to process the emotions i am also feeling from a pregnancy which would have been welcomed if it had been under different physical conditions but these thoughts are for my next blog,joy
i am ashamed when i feel like that the moment i see terrified crying children and dead ones,fear
i think that they pop up so automatically because seeing those pictures or people makes me feel insecure about myself,fear
i think nicely sums up the feeling of talking too much about artistic pursuits,joy
i have my own mind and i feel like my mind is dangerous to my life,anger
i feel so doubtful about myself ever since i took this job,fear
i feel safe beautiful and appreciated,joy
i really feel that im the least talented person on the stage but somehow god uses my talent for his glory,joy
i still feel that way because im stubborn like that but those people who were spazzing out are the ones with dates now,anger
ive been feeling a little overwhelmed about the whole thing lately but somehow the small step of finding out where my lectures will be has helped a bit,fear
i have that overwhelming feeling of not being good enough recently,joy
i feel is truthful the fun always lies in having an idea and seeing it realized and not soo much in the object or goal,joy
i am feeling quite anxious about it all,fear
im feeling rebellious amp ive missed the last couple of ffs on twitter so i thought id share two blogs that ive been loving recently,anger
i feel so weird and scattered with all wonders about a million different things,fear
i remember feeling impatient with the endless and convoluted fairy tale that was told throughout the book,anger
i have the distinct sickening feeling he paused glancing up at kakashi and the rest of his eager audience that i m going to regret this,joy
i feel a little more relaxed,joy
i aint feeling it this is where been carefree deffinately is worrying in its self,joy
i would feel lucky to call any of the materials and kits on your site mine they are just beautifully curated,joy
i understand that you may feel that it is very rude that i keep destroying your house with my face,anger
i am really not expecting it somehow it made me feel shy but then it s been a while part,fear
i feel thrilled to be able to investigate my own personal mythology around this subject,joy
i feel ecstatic because no more homework,joy
i have done music and movie production in the last four years and i feel its time i do fashion which im very passionate about,joy
i sometimes feel i am being stubborn not out of spite but rather in spite of myself,anger
i feel like she acts bitchy and complainy to try and fit in but that doesnt make sense because for the most part were not bitchy and complainy,anger
i told him that maybe i just need time to think how ive been feeling indecisive about things lately,fear
i feel inspired and eager to press on when the sun shines,joy
i start to feel agitated inside,anger
i feel rather agitated by our sliding door that keeps getting stuck,anger
i already feel the atmosphere around it seems dangerous,anger
i am a bit out of my comfort zone too and im feeling a tad apprehensive,fear
im feeling so invigorated and ready for whats ahead and very excited to share all that information with all of you,joy
i have had my first visitor to my live journal and that makes me feel very pleasant,joy
my roommate was rude to me,anger
i can t fit in in beirut where i have the nagging feeling that i m in a heartless place,anger
when i heard what mark i had got at the entrance examination and i realized my admittance to the university was almost certain,joy
i feel so frightened i wanna run to you i wanna call but i ve been hit by lightning just can t stand up for falling apart can t see through this veil across my heart over you you ll always be the one you were the first you ll be the last,fear
i am feeling very virtuous today,joy
i typically respond when i feel offended,anger
i feel oddly peaceful,joy
i didnt feel safe in my room because the argument was going on in my room and things were getting rough,joy
i say we because it makes all the difference as a parent when you have an open and easy to talk to teacher who you really feel is the perfect fit for your child,joy
i feel like i cant take it anymore i told my boyfriend and he is furious,anger
i was more irritable i went from having a million and one ideas to feeling like not being bothered from feeling inspired to feeling obligated,anger
i just feel left out hated extra,anger
i feel agitated about it,anger
i mentioned in that post the colors are very pretty but they feel very uncomfortable on the eyes,fear
i feel that the thighs are being stubborn and not going away at the same rate as stomach arms or butt,anger
i feel so hesitant about contacting him,fear
i feel so uncertain all i did was crying over the phone saying i cant finish the reading,fear
i started to feel cold,anger
i lie in bed my legs are in constant motion i feel i am out of control as they have to be shaken or tapped or just doing something,fear
a gigantic spider climbed over my face and what is more in my own flat,anger
i stopped looking for a solution to my problem and i stopped feeling like i have to be dissatisfied,anger
i am feeling shaky and weak,fear
i can literally feel a hateful glare directed at me,anger
i am living a joyful life and i feel this divine beings as part of my daily life,joy
i asked feeling smug,joy
im not too psyched about any of those stops but thats kind of a good thing because i wont feel pressured to go see and do everything there is to do and i can just hopefully relax and focus on making it fun for the kids which by extension makes it fun for me,fear
im feeling emotionally vulnerable right now and just want to throw up in peace so i can go back up and party hard,fear
when people harrass me i feel oppressed by their behavior,anger
i would hate to be bit imagine if the secretary is feeling irritable that day eh,anger
i just feel so disgusted with myself,anger
i said what i felt needed to be said and in addition to that i was feeling bitchy,anger
i don t know about you but that feeling of powerlessness of not being in control sends me in a mad tizzy for the haagen dazs,anger
i feel like having that sweet carby yet low glycemic meal not just at breakfast but often for dessert,joy
i hope i am not like that and i feel inspired by the prestige of others,joy
i wish i can wake up and find peace see little kids flying their kites catch hope and not only feel it but taste how delicious a four letter word can give me the shelter i need,joy
i feel like there is a violent war going on in my stomach,anger
i haul of each to the lava planet and export them down to the space port feeling fairly clever,joy
i feel so honoured to have hosted this series to have such talented a,joy
i don t feel like i have a cold i just feel sick,anger
i have to say however is that is is awfully difficult to feel glamorous and sensational in all this heat ash stench greasy hair and your basic post yeast infection mode,joy
i are gay and feel assaulted by the right wing,fear
i feel is doubtful but then again i could be wrong,fear
i feel paranoid like we just stepped into a private club where everyone knows each other and we are standing out like nudists at a suit convention,fear
i think of or feel gratitude i think of my kind and gracious heavenly father,joy
i was down and feeling doubtful,fear
i woke up feeling confident and watched the bodypump dvd to gather some coaching tips and compulsory cues,joy
i feel peaceful and unafraid certain that my god has my best interests at heart,joy
i feel like no matter what my house will never be acceptable to them,joy
i feel like ive been shaken around a thrown down,fear
i feel petty for thinking like i have i feel stupid that i let things get to me so easily,anger
i think its kind of taken us this long to build up a good inventory of sauces oils spices and other non perishables to feel like we have a chance at making something delicious without having to specifically go out and buy every single item in a recipe,joy
i feel cheated and wronged let down and spurned the vine i tended and nursed how could it do this to me,anger
im feeling a little shaky because im going to give a speech at jens retirement lunch shortly and i dont want to cry,fear
i went back to work feeling agitated and lazy which transformed into this state where i just yelled i dont know,anger
i feel anxious and worry just in case i dont understand the customers problems,fear
i mean every time i have a negative thought or feeling or reaction i am going to consciously replace it with a positive one,joy
i feel distracted when people think i m overreacted,anger
i feel i was successful in doing that for the waxing moon it s quite a bit different than the hidden sun,joy
i feel more happiness and are more peaceful,joy
i took it i remember feeling extremely agitated,anger
i was really hoping that theyd get far enough ahead of us that we could feel like we were doing our own navigating so i was delighted when after punching the second control they headed off onto a trail through the woods,joy
i know it s kind of funny that i m feeling hesitant about making fashion from something we use to scent our clothes but it does worry me a bit,fear
i started to feel dissatisfied by the ease and convenience of it all,anger
i cant wait till the summer when we feel somewhat carefree once again,joy
ive been feeling really pumped about running again this is very strange,fear
i might be feeling a bit cranky,anger
i was feeling like a valued part of the family and there was a great friendly rapport between the three of us,joy
i simply said how sorry i am and just got out from her car and got into my house feeling restless,fear
i could give it away but im feeling greedy at the moment,anger
i cant abide the political mess the country is in though i feel equally enraged about the state of uk politics,anger
i feel offended by those books in which they take you for an idiot thats a tv reality attitude,anger
i tell people it feels like i am trying to convince people i am innocent but no one believes me,joy
i feel somewhat relieved but disappointed that of the two qualified venue i had questioned neither bothered to make the observations we did,joy
i feel agitated and simply irritated,anger
i feel totally carefree with them around,joy
i feel pretty weird blogging about deodorant but im a bit of a deodorant snob and find it really hard to find a good one,fear
i feel grumpy to wake up so early,anger
i get a slightly warm feeling coming over me and a strange sense of completeness like the feeling you get right afterwards except it s coupled with those thoughts of a one night stand in which you sobered up before she left in the morning,fear
i am at the bus stop and i hear the squeak of a baachan trolley i feel a little paranoid,fear
i feel like a frightened little child more than anyone could ever know,fear
i was feeling irritated with the supposed guy who wasting my valuable time talking to a lady,anger
i wake up feeling cranky and out of sorts,anger
i feel really wronged in fact what hu jia did is good for society,anger
i met people from every corner of the globe so now when i am feeling restless and my finances will allow me i am can pick a spot see people that i really care about and have an adventure with them in their homelands,fear
i was also feeling really pleased that i decided well cajoled bullied and ordered to go out running this evening,joy
i feel very socially anxious around these ladies,fear
i wish that my family and i didnt feel this need to keep her constantly entertained when shes around because shes always bored out of her mind irregardless of what we do with her and doesnt remotely appreciate our efforts to tolerate everything about her but whatever,joy
i feel so honored and grateful to have met kassim selamat of the swallows during my trip,joy
i can feel what hes feeling but not quite because this is his own beloved brother,joy
i don t want to feel the way i did with you that passionate connection when we were no longer a separate two,joy
i think i almost made my counsellor cry yesterday because i said it feels like i dont have anyone supporting me,joy
i feel like i captured all his sweet looks,joy
i forget that any time we have a disagreement or she feels like she s been wronged in some way that every bad thing i ve ever done in my life every poor choice every single thing that she doesn t agree with comes back screaming in my face,anger
i am feeling terrific by implementing alternative medicine to maintain my health,joy
i think they feel somehow offended because the christians played a big part in destroying the earlier cultures religions and mythologies,anger
i feel agitated right on through,fear
im being a teenager people and if you feel the need to make sarcastic bitchy comments you can kindly fuck off,anger
i am feeling that bitter sweetness that comes from a deep recess in my soul,anger
i hi tech color club holiday splendor sally hansen cha ching kiss silver glitter i was feeling a little festive tonight so i decided to,joy
i am feeling particularly annoyed at my co workers i sometimes make the rounds of the floors finding literally pounds of white paper in the trash,anger
i doing something that make you feel bothered,anger
i do feel resentful towards other bloggers writing for and against i don t even qualify to feel offence since delhi girls are obviously punjabi,anger
a study visit to a chicken factory the butchery,anger
i never thought id feel so much as a jot of sympathy for hussein whom i always viewed as a jumped up petty thug whatever my thoughts may be about actions against his administration,anger
i came up with the following i m drawing a blank as to what this is called to help me when i am feeling fearful or attacked,fear
i am also aware that there is no glamour in them and sometimes i just want to feel glamourous you know,joy
i am so connected with families that are not my own and i love them so much and so i feel blessed to find a family to be connected with on so many different levels,joy
i cant help feeling agitated about,fear
i feel like i m going to be living a rich and sustained life throughout this year due to work,joy
i can feel the cold of winter,anger
i sit here feeling annoyed at my sons my pets and my husband im also trying to think of something to feel grateful for this saturday,anger
i am feeling cranky today is due to me not getting enough sleep due to the unexpected long outing yesterday night,anger
i remember being so disappointed with not showing for about months and now i actually feel like my less than lady like movements are more acceptable,joy
i feel some weird plantar fascitis y thing,fear
i was feeling grouchy and everything for the past few weeks but yesterday was such a happy day,anger
i have been taking it slowly going at my own pace and not feeling pressured to finish or catch up and im not looking for a miracle cure,fear
ive ever worked on and i feel very privileged to work with such an amazing team,joy
im feeling bitchy as hell tonight,anger
im feeling pretty annoyed with the whole thing i decided to share those reasons we rejoice,anger
i started out feeling really optimistic and driven for this paper coz it was gonna teach me the meaning and ways of being a leader,joy
i do not like exposing myself because i end up feeling vulnerable,fear
ive spent years feeling resentful and trying to curb that feeling of resentment,anger
i hate seeing those red windows even more as what i feel inside resonates with the cold uncaring world i know exists behind them making me even more aware of this pain inside of me,anger
having unwanted attention paid to me in my place of work harrassment and sexual harrassment by another worker disgusted by his implications,anger
i want to feel safe and well and that maybe just maybe theres a small chance my i can feel joy and my dreams can come true,joy
i feel a bit reluctant to turn to other people,fear
i feel we have a wonderful thing called a minute breathing space you can stop any time in the day even when you are driving along the motorway or in the middle of an important telephone call,joy
i feel like im in a whirlwind and the next im trying not to be too impatient as i wait,anger
i view myself in this way is that when i was growing up there were people who constantly made me feel like i wasnt good enough,joy
i am feeling deeply offended big hurt feelings in fact,anger
i feel like i shouldnt bother people with these petty stupid little pathetic thoughts i feel like no one really would care to know what really goes on inside my head,anger
i feel pleased but at the same time i really don t understand why do we feel this patriotism only twice every year,joy
i tend not to shower on those days and feel slightly rebellious getting all stinky and doing nothing,anger
i feel fine which is good enough on a sunday evening,joy
i feel sarcastic poetry coming on,anger
i want something that is personalized where they can appreciate and at least feel that i am for real sincere in giving them,joy
i feel like throughout my life to this point in time i can say that ive fucked quite a few people,anger
i am feeling hostile enough that i even hate jim right now,anger
i feel ecstatic relived and most of all from the bottom of my heart truely grateful to,joy
i feel selfish as i read back to my former posts how i have never asked for prayers for others how i never considered that there may be others out there that deserve their prayers answered before my own,anger
i felt so sick watching and feeling helpless,fear
i am very i feel very privileged having said all that i am very privileged,joy
i have been so busy i feel like i have free time at home,joy
im so stoned on endorphin that all i can feel is my leg muscles seizing into petrified meat,fear
i think maybe the person gives a fake hope just because he doesnt want to show his feeling just because he is to afraid about the girl reactions,fear
i could feel the blood in my veins go cold,anger
i would just outright tell you what the girl book is about but i feel like you guys are so smart and so clever youve probably already formed some sort of idea of the themes and ideas this book is wrapped around,joy
i think about talking to a lawyer and finishing this i feel anxious,fear
i love being comfy that is my main goal when i look for new clothes i cannot stand feeling uncomfortable in something,fear
i really cant count the number of times i cried feeling overwhelmed by someones expression of concern or just by the very fact that they were thinking of me,fear
i still feel that i expect pieces of the world from him but im afraid to come close and place those expectations upon him again in fear that hell disappoint me,fear
i look forward to continuing this challenge and feel so appreciative for the boost to get my nutrition on a healthy track especially for my pregnancy the most important time in my life to be eating healthy,joy
i can feel my self as a fearless continuous being,joy
i will confess to you i have had moments of feeling overwhelmed and ill admit being a bit melancholy,fear
i realized that when i let my mind race and i start to feel restless i get the desire to smoke,fear
i leave his words feeling doubtful of the naight ever ending,fear
i like to look at this ring when im feeling doubtful or down and it reminds me that honestly i dont have any regrets and i know im where im suppose to be,fear
i do enjoy large bold prints and i suppose its odd im feeling timid about leopard,fear
i feel that i was innocent i did not want to hurt anyone,joy
i feel petty jealousy or anger yesterday in the face of my wifes happiness and our decision to chaperone a trip with my sons school,anger
i feel this product deserves a positive review i do want to leave you with a somewhat contradictory final thought,joy
i feel reluctant to share because my experiences feel incomplete especially now that my ideas are making a shift,fear
i could feel my feet getting agitated once i got to the metropolitan pavilion,anger
im definately feeling the change but im refusing to feel impatient about it,anger
i wake up always feeling anxious not knowing why,fear
staying in a relatives house which was broken in before,fear
i feel this book explains things well and is easy to use,joy
i feel invigorated when something is refreshed,joy
im feeling pretty rebellious right now because im writing this is my engineering class,anger
i feel strange being thankful when such awful things on the other sides of the oceans that surround that country happen on a daily basis,fear
i was feeling very vulnerable and down no one really close to me has ever died before i either hadnt known them very well or was too young to remember,fear
i don t feel so nervous doing new things anymore i have more of an this is what i have to do and i will do it type of attitude rather than an i really hope i dont screw up type of attitude,fear
i sort of suspected i was going to feel resentful and not really show my best side,anger
i do feel slighted when some people use their piece of the cyber world to be rude towards me,anger
i should have left this movie feeling frightened or at the very least convinced that this number held some kind of mystical power or was the key to some government conspiracy but no,fear
i feel content without knowing the rest of their story,joy
i stopped feeling intimidated when looking at a wod i guess that means i am learning how to find a right balance where to scale down and where to push harder,fear
im starting to not buy the whole everything happens for a reason bit or god has a plan b c i feel that god is love and theres no way that he would torture me and other women like weve been tortured dealing w fertility issues,anger
i feel really lucky to be part of what looks like an active and friendly homeschooling group here in dubai,joy
i did wake up feeling pretty energetic so thats a positive anyway,joy
i feel like theres a dangerous chance that im pulling a don quixote on this blinding rushing at the windmill that is my eventual marriage or future child,anger
i feel popular today,joy
im starting to feel overwhelmed again when it comes to the research for this book,fear
i feel excelent but sometimes theres just nothing to do especially since im not really keen on video games anymore i watch a bit of anime and some movies but theres just got to be more in my life,joy
i want to tell him how i feel how disgusted i am that he can hurt my husband the way he does and then just laugh about it how he treats his grandchildren how he treated my husbands mum and just scream at him to stop being such a selfish bastard because the world does not revolve around him,anger
i seek the presence of people of conscience and i feel around me the optimism of youth with its stubborn refusal to accept a fate forced upon it,anger
i feel a little less fearful about it,fear
i also know that if i forget for a period of time it would cause tension or a feeling of unease that maybe i am mad at him,anger
i have been feeling is any indication on this childs personality then i am petrified,fear
i feel is only acceptable when that violence could lessen much more violence this could also apply to what i am discussing below i,joy
i try not to complain or show them my attacks because they feel so helpless like any parent would,fear
i feel like im in a really strange stage of my life right now as im entering my th year,fear
i feel so helpless because i dont know what more to do,fear
i must have been feeling a little cranky about the,anger
i am going to clean the slate by unilaterally forgiving those i feel have wronged me or someone i love intentionally or through carelessness so that i thereby in time can forget the perceived insults and abuses,anger
i am feeling jealous i remind myself of this story and it keeps me on the path to better living,anger
i feel like after everything ive been nothing but sincere what bothers me the most is that you wanted to hurt me you even told me,joy
i was feeling pretty bitchy and horrible but dont worry,anger
i choose to do and most importantly someone i can vent or just explain how im feeling at the moment whether bummed out ecstatic or anything in between,joy
i do sometimes feel like im in this strange in between world,fear
i am feeling impatient and would just like to get on with life i am in no hurry to push myself right back into illness,anger
i somehow feel distraught and hopeless,fear
i feel i just couldn t be bothered with some of the things that used to keep me up at night,anger
i feel absolutely assured in informing you that you need to get your hands on this set,joy
i still dont know what to make of it all but somehow i feel even more assured that what i teach works,joy
i have had a lot of uncaring men in my life and it still feels strange to have several that call come by and reach out to me when i am at my weakest moments,fear
im just hoping i can walk by then because my thighs are not feeling at all friendly today,joy
i love the look of the black and i feel like that would be the smart choice but im kind of drawn to the rich blue or grayish blue,joy
i felt like i was losing control of my body and it was hard for me to feel calm and positive about that because it wasn t an irrational thought,joy
i feel confused too,fear
i feel so absolutely stumped on the floor when you dance you re charming and you re gentle specially when you do the continental but this feeling isn t purely mental for heaven rest us i am not asbestos and that s why i won t dance why should i,joy
i will feel shy and won t be able to talk to her,fear
i want a natasha gan dress just cos i can wear it out and feel fab i want blue suede boots the colour of the ocean i want i want i want i need none of the above but it won t stop me going to chadstone tonite or tomorrow,joy
i was about to feel insulted and show opportunity the finger then the door when it presented the prize two weeks in italy,anger
i feel christmas more special than ever,joy
im feeling more fucked up than ive ever had and its nothing to do with my school work,anger
i feel like a lot of people are intimidated by false lashes because it seems like a largely unnecessary process during your makeup routine,fear
im not trying to disagree with same sex intercourse or what to me it just feels weird gt,fear
i feel like its flying by and im afraid im going to miss something,fear
ive been feeling kind of distracted and that is obviously not conducive for working philosophy problems out,anger
i arrived at the monastery one week later i was feeling terrified,fear
i looked at what had happened to us in two generations and looked at what hadn t happened to them in two or three and instead of feeling outraged by their history of aggression i felt privileged by it,anger
i was feeling very keen to get out of the camp site before they realised i had been given the best gift of all free accommodation and free services,joy
i am going to be a little selective about who i let read just for privacys sake but if you can relate to me why you want to read and if i feel your motivations are safe and okay then i will send you an invite,joy
i walia feels suspicious about tarun and bani,fear
i also feel as though this assumption is rude as soon as they are informed they are married the next question follows do you have kids,anger
i start feeling resentful or overwhelmed it s a sure sign that i need mothering,anger
i should feel pissed,anger
i feel as a person and a politician i cannot allow dogs to run around on our streets that are more dangerous than others,anger
i stop learning or if i am feeling inhibited my performance flounders,fear
i mentioned above feel free to hit me up about anything,joy
i sing i feel weird,fear
i feared i would feel resentful of her or this process but i dont and i am so happy about that,anger
i am keen to incorporate more use of recovery tool and i feel that as a tool this can useful in allowing patient control over their mental health,joy
i feel like i can still hear her cute voice in my ears,joy
i feel pressured helpless because i dont have control over this,fear
i feel disgusted that any criminal justice system in the st century could know the full details of it all and deny it to be named as abusive,anger
i left feeling helpless and more than a little sad,fear
im just feeling relieved to have picked up our boy before they shut the place down and seized the dogs and happy to have gotten him out of there,joy
i feel so uncomfortable about the word hero,fear
i feel a creative mind brings more diversity and new thinking to any job,joy
i feel like the most hated person on the planet for turning brendon down,anger
i feel if i say anything it just makes me look petty,anger
i am so incredibly thankful for the temple and for the blessings the promises and especially the feeling that comes over me when i am either inside this amazing building or simply when i drive by,joy
i feel so pissed of for the fact that i am not that talented and creative as many others designers are,anger
i feel bothered at the fact that some of us have been given so many chances but i don t see the least bit of appreciation and utter gratefulness downright from their souls,anger
i just don t feel like having distraught parents breathing down my neck,fear
i feel more hostile towards sarcoidosis than usual,anger
i feel honoured that my clients walk through my doors sometimes for the very first time and trust me with their brand new one week old bundles of joy,joy
i didnt tell you because i didnt want you to feel afraid,fear
i realize that this conversation can make some people feel paranoid or upset generally,fear
i feel like we owe it to each other to be intelligent about our sexual decisions,joy
i feel and some is just a hateful of hollow yes i hear many smiths these days,anger
i also wouldnt mind a canon d mark iii if anyone is feeling generous,joy
i have loved not feeling rushed here,anger
i want to not feel angry because i haven t the right to feel that way,anger
i was just yesterday feeling uncomfortable with highschool sigh,fear
i was incredibly youthful in my employment in which i had been angry stay when i was feeling i had been offended simply because i wasnt the professional decided on,anger
im feeling abit uncertain now,fear
i feel like life was so flawless for so very long and now i am stressed out and wanting to cry half the time,joy
i guess it s that whole i need a hobby thing to feel worthwhile smart and important,joy
i didn t mean to sound as though i feel offended i meant it as a joke guess people didn t get it haha,anger
i have not conducted a survey but it is quite likely that many of them feel as assaulted by onel s demons and other creators as i would have felt had the walls been covered only with eminent figures patriotic heroes and epic deeds,fear
ill be whingeing about how much i ache but at least i can feel slightly virtuous about it too,joy
i have never been happier nor feel more accepted in my whole life,joy
ive just watched the above video for the first time and feel a bit bitchy for doing so but here are some of my thoughts on her outfits,anger
i feel rude for ignoring your plea for help and its all your fault,anger
i woke up this morning feeling very agitated at the day coming,anger
i feel more excitment than reluctant xdd hohoho looking foward tmr xd cya tmr,fear
i feel as a child innocent feelings illustrating a,joy
my girlfriend sent me a letter with a shiny picture in it,joy
i write which is what i consider my real profession even though by teaching poetry to troubled and poor kids i feel i m doing something useful,joy
i want to talk to you about but with the limited time we have on the phone and with our current arrangment i feel hesitant to bring it up,fear
i always feel invigorated while listening to her that we can win this war against predatory school deform,joy
i feeling dangerous at wimbledon width,anger
i do when i m feeling not too grouchy,anger
i created a new profile before and i feel ok cuz i already know who i added,joy
i feel like ive shaken off some of the funk thats been floating around me for the last bit,fear
im grabbing a minute to post i feel greedy wrong,anger
i guess im not ready for that still young and feeling rebellious,anger
i stop feeling so mad i ll stop behaving like this,anger
i feel like im losing motivation since the scale has been so unkind to me lately and i cannot get that attitude or i will possibly throw away everything ive worked for,anger
i feel overwhelmed they might say my stomach hurts or my head hurts,fear
i feel assaulted when i hear the radio ad,fear
i was beginning to think that i had been cut from the ranks of the frugal antics improv challenge and was beginning to feel a bit insecure about my first entry last month,fear
i began to feel agitated because i wanted to buy ewan some food and medicine before i left,anger
i am feeling afraid cos he isnt answering me again,fear
i feel that rushed prize giving really dilute the event and in future prize givings will be not rushed and will be on timetable,anger
i was feeling as if i am in the lap of the divine mother and she is holding me in her soft and tender arms,joy
i feel less intelligent after watching this,joy
i think the sooner we do the better well all feel greg im already in a distressed mood mom,fear
ive been feeling cranky lately,anger
i wrong or ridiculous to feel pissed,anger
i feel tat all of us in this world are clever just depending on how u are born if u are born to be errrr not good but it will still would have some good things that u have it just that u dun realise it lol i noe its quite lame hope no one have read it img src http shared,joy
i feel it is my solemn duty to share this divine knowledge of mine in order that others may benefit from it s truth and beauty and render their world just a tad closer to thearchitecturality that utopian perfectly set garage society to which we all strive,joy
i feel it is wholly positive,joy
i spent my vacation from school feeling confused and heartbroken,fear
i feel quite scared about my work life balance if i start to work for ken again,fear
i wouldn t make too big of a deal out of the situation you found your daughter in unless you feel prompted to not fearful,fear
im still feeling shaky i realized that i felt intolerably hot all the time which i may mention is the polar opposite of what i normally feel like,fear
i feel like a snob but i ve been a bit skeptical of it from the start because i have no idea who kenny werner is and neither does thomas a musician who gave me the book,fear
i would just hurt others feelings i am so selfish,anger
i definitely felt scared which made me feel vulnerable and i hated that,fear
i really appreciate his protectiveness and slight jealousy over my attention it makes me feel valued,joy
i always spend more money there than i mean to and feel dissatisfied when i exit the store,anger
i feel valuable a href http idreamculture,joy
i felt a very distinct feeling that told me everything would be ok and that all things would ultimately turnout for my good,joy
i feel envious and embarrassed,anger
i feel incredibly slacking mrs greedy guts is still in desperate search for an unspoilt base on her career ladder,anger
i left feeling annoyed and angry thinking that i was the center of some stupid joke,anger
i feel rebellious and think let them do so,anger
im currently struggling with feeling offended at my drs office worried about my body and what the heck is wrong very seriously contemplating getting my tubes tied and then the normal everyday things that occupy our minds at any given time,anger
i feel rushed i make poor food choices and start to slide back towards bad habits,anger
i was feeling adventurous and took the stairs,joy
i feel very lucky and it is nice to be able to buy some lovely resources for the little ones i care for,joy
i feel much more energetic generally im sleeping better and so is my wife,joy
i feel ever so ever so ever so jolly,joy
i asked whether if he feel shy around me he said no and he say because im a very active person,fear
i feel bitter but i want to rise up,anger
i feel the eyes on me the hateful eyes on the other side of the glass that belong to the family members of my beautiful victims,anger
i often feel fucked regardless,anger
i can not see friends and for the most part i feel like leaving my bedroom could be dangerous,anger
im feeling so distracted recently,anger
i truly felt that when i left friday you were smiling and feeling i had respected you and you thinking i was a teasing little heathen you loved who enjoys arousing you with an animal delight,joy
i feel a little frustrated an ache of longing has settled into my heart the weariness of life his slipped around my shoulders like an unwelcome friend,anger
i keep having all of these wonderful feelings and dreams and i am so terrified that they are bad or harmful or wrong but they are not,fear
i feel like i am a selfish person,anger
i remember feeling excited about that particular day because i considered myself a grown up and woop,joy
i feeling suspicious i snooped computer,fear
im guessing with everyone standing there she was feeling timid about moving through the crowd again,fear
im feeling cranky cantankerous and resentful like a house slave basically almost all the mothers i know rely heavily on either alcohol marijuana or separation divorce to get some space and sanity for themselves away from their maternal responsibilities,anger
i have visited over other daycare options and it has taken me a year to find one that i feel will even be acceptable,joy
i was out shopping with a friend the other day and she asked how i was feeling about the book coming out and i said i was terrified and she asked why,fear
i can feel the gap it feels like rich people status and poor people status,joy
i wanted everyone no matter what their lifestyle to feel a little bit glamorous,joy
i don t feel particularly inspired,joy
i feel that being faithful isnt enough in your eyes,joy
i know you feel tortured reading this,anger
i feel more and more dissatisfied with each passing weekend,anger
i are another reason why foreign tourists feel reluctant to drive in this island,fear
i can feel them cool but seldom empty pale with,joy
i managed a whole tuesday of eating clean but have caffeined up today and am feeling rather shaky,fear
i like listening to hardcore sxe music its the one thing that lets me feel rebellious while not chocolating out or spending till its gone,anger
i feel my lip curl up into a half smile amused at the way he s put it,joy
im feeling bitchy on saturday,anger
i feel he was eager to help,joy
i use emoticons because it would be awkward writing i am feeling amused by what you are writing right now as opposed to xd,joy
i amos does such a beautiful job retrofitting cohens song and really his basic arrangement too with her own piano work that it feels to me like more of an artistic effort than merely paying homage,joy
im feeling hesitant to put much else into words,fear
i can t help but feel petrified of the future is she ever going to get better,fear
im feeling a bit cranky today,anger
i feel like i am the only one trying to accomplish everything especially the balance in our extremely distressed world,fear
im feeling awfully spiteful right now,anger
i feel the language of the warning is pretty benign but i am open to your suggestions on how to improve it,joy
i feel pleased that i will resist it till i get these next four night shifts over with,joy
i complete the act i feel temporarily satisfied but the feeling quickly goes away and i feel ashamed or guilty,joy
i feel grouchy now the football fans have woken me up from the customary sunday siesta,anger
i feel a little more confident about doing it at school now,joy
i feel now so uncomfortable with all of them i guess is me,fear
i dont know why i feel so frantic about this but i really want to have this particular song for my little girl to be,fear
i feel cold spots,anger
i feel like i am gaining strength quickly and could probably start to ease back into running now but i am pretty much scared silly,fear
i feel for these kids because you know theyre talented but i think one of the things with the whole american idol deal is that they grab a hold of you and you do what they tell you,joy
i feel was where i fucked up a bit and something i wish i could change,anger
i feel really greedy wanting all this stuff but my mom asked me to make a list so,anger
i really feel like i m wading in dangerous waters here but i think dialog is really important too,anger
i am writing this i remember between feeling assured i wasnt dead and checking the window that me and my mom started fighting,joy
i was feeling restless when i stepped into the kitchen to whip up this crunchy sweet treat,fear
i packed this time around feeling apprehensive about this challenging season and happy to decompress for a few days at my dads before coming home,fear
i feel very nervous,fear
i entered the temple feeling vaguely terrified,fear
i had an incredible feeling of frantic despair,fear
im feeling annoyed to add on i dont feel important or whatever shit anymore,anger
i feel like i have been faithful enough that i have proved myself and paid my dues but faith is not stagnate,joy
i feel more terrified than the customers will be in my maze,fear
i spent the following months in a drug induced haze incapable of thought or feeling but it wasn t anything as glamorous,joy
i feel the need to have one day a week for those polishes im not super jacked about,joy
earth crake,fear
im currently feeling way fucked up with the mother tongue paper,anger
i feel cold few days,anger
i got on and was nervous feeling very timid and shy but after a while we were talking like weve known each other our whole lives,fear
i feel suspicious but i cant walk a way i like him i always had a thing for football players i know ive been m,fear
i help a lot of people at a later time when i m feeling pissed off with things i might look back at my life and say hey i m not that bad a person,anger
im done with putting up with this constant bullying because that is what it is when you feel threatened and constantly on the defensive and i am tired of constantly defending myself to others,fear
i also told my cousin that i feel like the other family members do not know how to talk to me or are afraid to talk to me,fear
i have to admit that i feel skeptical about making these changes and wonder are natural sweeteners any better for your body than refined sugars or are all sugars the same in the end,fear
i can never fall in love with anyone because my feelings make me too dangerous,anger
i feel selfish for it,anger
i just feel skeptical,fear
i opened the first window whilst listening to a certain mariah carey christmas classic on the radio so im feeling pretty festive this morning,joy
i know i have certain aspects of my personality attitude that could be improved i have been under the impression that everythings been fine feel absolutely assaulted by the statement that my co workers have been complaining about me behind my back,fear
i feel like im sinking and i feel helpless and that makes me even more frustrated,fear
i still managed to feel tranquil and appreciate this archeological wonder,joy
i kind of feel more violent after having watched the non violence video,anger
i feel indecisive it feels like the security that i usually feel from sensing the ground beneath my feet is suddenly gone and i am left feeling wobbly and unhappy,fear
im feeling a bit uncertain its comforting to me to draw these trusty old louche animals,fear
i am not feeling too super,joy
i finish typing this post i realise i m ok no longer do i feel annoyed angry or even sad,anger
i was feeling brave tonight so i decided to go for my nd attempt at a vlog,joy
i was feeling irritated and slightly upset after this conversation,anger
i wanted but knowing nothing about it i stepped into the candyland of make up looking haggard and left feeling radiant with a bag full of products of course,joy
i feel it is vital to make the most of that day and live it to our fullest potential,joy
im feeling a bit distressed about it,fear
i guess i would feel more like joseph with walt trusting me to care for mother and over the finances which he did six months before he died there are times i want to defend my self but god makes me be quiet,joy
i feel less bothered my get the rape stick out of your ass because i think a statement like that says a lot more about the speaker than the target,anger
i was washing the trees hoping it would do some good and concurrently in the general trajectory of my life feeling more and more suspicious of much of the trappings of christianity and even sometimes maybe just kinda or a lot suspicious of its heart and in my head is this song,fear
i am writing feeling appalled,anger
i dont know why but i feel uncomfortable in front of people who flaunt their strength or their accomplishments,fear
i have i feel excited nervous and a little bit sad,joy
i cant get wrapped up in that kind of crap tv because my brain starts getting mushy and i feel feverishly hostile,anger
i have experimented lots of the experiences she mentions and sadly this made me realize that most women feel that their career paths are somehow going to be determined by their partners if they support them or not their children ther co workers etc,joy
i was feeling pretty anxious and overwhelmed as a friend rightly noted probably because i was on a boat with my mom grandmother and great aunt and no where to flee except the damn cold baltic sea,fear
i wake up feeling fearful and helpless,fear
i am feeling a bit strange never felt that ever but should i really stop writing blogs now,fear
i have been feeling restless and not quite grounded,fear
i feel like it but i cant i cant give in i am just to stubborn and i must win,anger
i hate when im refered to that game guitar hero i mean its cool but i got the name kinda before lol and now i feel bitchy so stay the fuck outta my way,anger
i feel so despised and i feel this world is crumbling onto me again,anger
im not always able capture the essence of the way i see the world in writing i feel that my weird way of thinking has been generally consistent throughout my short years,fear
i do not feel frantic,fear
i am feeling remotely dignified tasteful or comfortable,joy
i taught him what it can look like and how it could make him feel scared confused excited nervous,fear
i was feeling quite something im not sure,joy
i am hating myself at the moment because i feel so hateful to another person,anger
i feel like ive been sooo distracted and i need to regain my focus again,anger
i feel slightly offended,anger
i dont show my insecurity in my persona if not i might come off as a mad bitch whod practically hated on everyone just because shes feeling insecured and being too overly paranoid,fear
i have a feeling she is going to be an amazing artist like her daddy and uncles,joy
i feel i am with ampatuan and joining the forces of hell bitchy human who only wants is to spread their worst odor in this world,anger
i did feel like their relationship seemed a little rushed though,anger
i made the other day which more or less sums up how i feel about the delusion of my life for the past years or so i became somewhat frightened of myself and decided to get a little distance from that guy,fear
i feel a little skeptical but what have i got to lose,fear
i am feeling especially irritated,anger
i feel its casual and straight up,joy
i feel and look gorgeous beautiful and sexy,joy
i didn t ride on sunday and was still feeling a little apprehensive on monday so decided to a title lunge href http en,fear
i am not surprised that some people may be feeling outraged at the terrible environmental consequences of the logging and the dam and after seeing how their leaders have betrayed them are now turning to higher authorities divine help as a last resort,anger
i changed i feel that im taking advantage of her this wouldnt have bothered me one bit before,anger
i was thinking that i might be ready but was feeling unsure of my assessment,fear
im feeling much more optimistic than i was just before coming here or en route here,joy
ive had a lot of good days where i feel fabulous and have lots of energy but lately ive also had some bad days where i feel gigantic and slow and clumsy,joy
im feeling frantic because ive had no sleep,fear
i also did feel like i was excited to come back like i have two homes now,joy
i feel absolutely fantastic and i hope baby does too,joy
i feel uncomfortable when i need to sit through a bad presentations,fear
i am suddenly feeling very energetic,joy
i am actually considering buying them thats why i feel so unsure hehe,fear
i was to worried about them knowing if i was high or not and feeling a little paranoid and i have never never been that type of person that would think and care about what people think about me and would always focus on what i had to do to get to where i needed to get in life,fear
i feel like it would be too clever and get into a ton of things all the time,joy
a girl entered in the division where i work and greeted everybody but not me,anger
i was sent home still feeling a bit shaky and dizzy,fear
i was feeling frustrated,anger
i kept thinking that if i had the right mindset if i put enough effort into pushing away the feelings then i would not be afraid,fear
i feel really comfortable in them,joy
i feel less pressured to check on my phone and i gain better space to concentrate on what is more important in life,fear
i asked zack if i could go all out and write what i was feeling and he was gracious enough to let me do so,joy
i have constantly been panicky and making a big fuss over my learning and exam results often feeling spiteful that i have lost out a mark or two to the top in class,anger
i want to write that makes you feel the frantic induced nightlife of being on speed,fear
i feel hated by jim martin s,anger
i fought i could feel myself trusting this man who was so patient and had a cool confidence more and more,joy
i go to the range i feel like im like russell crowe in robin hood or merida in brave,joy
im with you when your professor looks at you like a spitball when your friend is dying when you cry into your pillow at night when you feel the dangerous tickles of jealousy luring you down into its lair,anger
ive spent way too much time feeling pain to the point that im frightened to leave myself open to it,fear
i get the feeling the oilers are hesitant to count on him again after he missed so much time a year ago,fear
i am feeling brave enough,joy
i try to remember that quote when i feel i may be hitting a wall in a marathon or even a training run and i know it is time to find that perfect song that fuel,joy
i just feel so safe,joy
i cough alot more and feel somewhat irritable at times,anger
i shut the door but i didn t feel triumphant,joy
i started to feel cranky and tired up until i resupplied with these vitamins,anger
i almost feel startled,fear
i feel nervous for our hyenas,fear
i feel the echoes of the divine so very close,joy
i feel quite rebellious actually,anger
i do not do these things to torture you i am feeling tortured myself at the moment,anger
ive been feeling a little bit anxious of late as far as my relations or lack thereof with some of the ward and some of the investigators go so im excited to be able to ponder that in the temple and see if i can come up with a plan with the lords help,fear
i glanced out the window at the people strolling on the sidewalks carefree suddenly feeling envious of them for reasons i couldn t explain,anger
i wasnt feeling at all irritated,anger
i can feel it coming and im determined to see it through,joy
id never seen before because i had a feeling it would be way too violent for me and guess what i was right great acting impressive directing not a movie i ever want to see again some distractions were welcome,anger
i feel morally outraged and furious more often than i d like,anger
i try not to make anyone feel uncomfortable,fear
i feel like a heartless and feelingless i know don t have this word daughter teenager,anger
i feel that even though some bloggers are popular within one clique there are twice the amount of people who are jealous of their success but chooses to kiss their butt to fit in and triple who disrespect them for their pompous notoriety,joy
i confess i feel a little apprehensive,fear
i also have a niggling feeling that im getting complacent in my abilities,joy
i feel not for you this savage deal leave me with my speedy clutch leave me with brown sugar lunch,anger
i normally associate with a tough workout moving from side to side in bed has become more of an effort my sleep is pretty interrupted and uncomfortable in general although much better with the aid of a benadryl and there are times when i feel like i could never be energetic again,joy
i really am feeling horribly irritable and a little bit depressed,anger
i must ask if my column makes you feel so hateful why do you keep logging on,anger
i may attempt a hair coloring session later if i m feeling brave crazy saturday nights over here,joy
i am very fascinated by it and don t feel so uptight by the many challenges life has because of it,fear
i rid myself of many bad habits only to fall back into them when i feel insecure or vulnerable,fear
i am designing games it really makes me feel excited,joy
i feel wronged by you over and over,anger
i was sick with a cold amp not feeling well wondering if i would even be able to have the patience to go to whitleys month photo shoot,joy
i aware and concerned for everyone will give attention not only marriages and deaths but also with equal seriousness to the elderly woman who feels helpless because she does not know which oven to buy,fear
i even feel welcomed into their fold,joy
i was still feelin kind of irritable and funky from the day before but so it goes,anger
i was going to cry at one point could feel a lump in my throat but managed to stop it as i was more distracted by the thought of getting all my vows right,anger
i wasn t sure what else to do to help her feel smart,joy
i write what i feel if you get annoyed and sick of this simply close the tab,anger
i am feeling resentful it is my choice and i can choose to do things differently next time or even change my choice now,anger
i feel like i should continue with the bridge lessons since continuity is going to be vital if i m to learn this game,joy
i do meet that i do date will continue to be sources of apathy or worse people whom i feel i have wronged or in whose confidence i act in bad faith,anger
i was feeling so reluctant the whole day today the only thing that i feel like doing is just sticking my ass on the benches ground having heart to heart talks with my favs staring into space and nothing,fear
i feel like i had so much to write then got distracted by my home on a wednesday evening challenge and have therefore lost my train of thought,anger
i asked feeling outraged,anger
i have been asking myself some difficult questions in an attempt to understand why i feel this strange push and pull between different aspects of my life,fear
i am going to add some photos from today and again thank you all for your dear support when i was feeling overwhelmed at different moments,fear
i have certainly been in places where i did not feel welcomed and i made a point to go on to a place where i did find that feeling of welcoming,joy
i wouldn t feel as offended as i do now because the sign would be accurate,anger
i am just feeling a little irritable because mun was part fun part stressful part uncomfortable making and part horrible but regardless record being set straight now,anger
i feel that i can answer in a completely un sarcastic way,anger
i feel that way considering most people are pretending to be the way they are and very very few are being sincere,joy
i get angry at myself when i feel bitter,anger
i wasn t feeling reluctant because i was spending money we don t really have an ipad at x price is way out of the question,fear
i feel offended by this girl,anger
i am feeling the strange mix of extremely proud relieved she is on the path to her fabulous future but gutted she has chosen to move out to live in halls of residence at uni,fear
i hurt your feelings or angered you with my last rant im sorry,anger
i feel a little jealous of the people who are sitting in the coffee shop all leisurely like at in the morning,anger
i often feel that working in it is like being a hopefully benevolent goliath that is often undone by the humblest of davids,joy
i feel like its important to vote on all of the local stuff,joy
i was feeling paranoid tonight so i had to check my blog stats,fear
i know is that afterward i feel a hell of a lot more mellow amp relaxed merely by laughing and the stress of being down in the dumps just melts away,joy
i might also write a bit about science if im feeling particularly energetic,joy
i feel vulnerable yet extraordinarily liberated,fear
i started feeling shaky hungry,fear
i could sit for hours with some old friends catching up and just feel like i am in a uber gorgeous,joy
i began to feel strange i thought to myself here it comes,fear
i do how empty disappointed angry sad chaotic destructive i feel today im just mad at myself why do i always fuck up shit,anger
i am feeling so honoured to be a,joy
i feel like i m a very very dangerous human being right now,anger
im currently in a phase of feeling very positive and optimistic about graduation though that tends to range on a daily basis between euphoria and deep deep depression so no bets on how ill feel about it tomorrow,joy
i feel terribly helpless sometimes but even with the limited spiritual awareness that i have i am able to find the answers as i know the end is not the outcome of my decision i ll be able to move on readjust pick up the pieces re centre myself or enjoy my decision,fear
im thankful for it and the parents because they are understanding and make me feel less wimpy,fear
i feel like getting away from all the friendly tasty goodness that seems to abound in santa cruz including the unseen ambient pot smoke that always makes me so lazy i swear when i visit the laid back town a visit to the university s university of california santa cruz renowned a href http www,joy
i suppose we had these moments of feeling vulnerable together and we laughed a lot and i felt very alive,fear
im feeling all triumphant you may high five me if you choose mind you ill laugh at you but,joy
i was feeling pretty cranky about it but when i called the garage door guy this morning he said that his scheduler wasnt in because her husband had a massive heart attack over the weekend hes okay so he couldnt give me a time the repairman will call before he comes,anger
i just remember being so fully stressed out and while i had fun i feel it could have been more lively,joy
i hope that you realize how such little effort is required to make a person feel better about themselves or their situation whether its me a family member a college or high school friend a neighbor down the street or even a complete stranger,joy
i do feel a bit obnoxious it is definately the weather,anger
i am feeling terrific at the moment,joy
i personally feel that this is not a acceptable piece of art but i feel this does test personal moral and ethical views in people,joy
i feel all greedy,anger
i feel pissed my friend didnt offer me a soda,anger
i feel so proud,joy
i don t feel like i m being pressured to do anything and i don t feel like making love to my husband has any connection to the assaults and rapes,fear
i have a sense of both in my mind s eye i feel that divine energy way up aloft and i experience its reflection in me sometimes like a rare sunny day in a rainy climate,joy
i even dare to say that some of the biggest stiller and or vaughn haters still could get some enjoyment out of this movie and not feel annoyed by their performances and characters,anger
ive been feeling much more confident,joy
ive been quite confident in what i believe for my whole life this occasionally over whelming feeling of uncertainty has truly shaken me to my core,fear
i feel strongly that what you identify as the priority must be respected and explored in counselling,joy
i think this is really great having been in situations where i feel overtly threatened in a public place where everyone pretends they don t see what s happening,fear
i want them to feel eager to attend a amp m i want them to feel like they belong,joy
i feel selfish thinking this way but i feel so lonely at times,anger
i hate even doing this because i feel like it s rude but i must say i love the blog it came from and this is no insult to the food photography because i enjoy it,anger
i shouldnt be afraid to go out in public and feel paranoid because ive done nothing wrong,fear
i am this thing i have these feelings and i m not afraid to express them and to stand up for what i believe in,fear
i feel like everything is just so fucked,anger
i feel very excited for my familys future,joy
i wonder how it feels to have angered and disappointed millions of people in one morning,anger
i didnt feel much like me but thats largely resolved itself,joy
i feel festive,joy
i am already feeling like i am being less productive,joy
im feeling less fearful today ptl,fear
i feel that the session was useful and gave me tools i need to move forward in my life,joy
my mother did not come home till late at night ages ago anyway if i dont know where my parents are and when theyll be back i start thinking that perhaps they have had an accident and are perhaps dead,fear
i think of the future of the subcontinent i find myself feeling optimistic despite everything i read in the papers,joy
i feel generous this evening and id like to share a pie crust recipe to help those who have struggled with trying to make a pie,joy
i feel like if there are pickles in the fridge everything will be ok,joy
i am back at home feeling irritable about that since ive been looking forward to the party all week,anger
im sure something will come to me on a day when im feeling a little more artistic,joy
im feeling fine,joy
i feel there are a lot of things that i need want must to do but always somehow got distracted got a call from my crol tl and just told her that couldnt join her as per going to the doc,anger
i feel like the helpless duckie target for the commies and feds while at other times i want to run and hide,fear
i feel like i got resentful and tired and i just wanted to talk to him so badly,anger
i care about someones emotional spiritual and intellectual progress to the point where i feel like i should exert myself in that progress and its important to me that is love,joy
i guess she was feeling pretty hesitant,fear
i feel in they talk the brother in law is extremely popular the one that had no me to think is so stiff,joy
i had been feeling scared about being an ra because there is a lot of work that goes into that job,fear
i am extremely blessed and have a wonderful life but i am often guilty of feeling envious and upset when someone has more blessings special recognition or appears to have it better than i do,anger
i have been walking around feeling pissed off at the world lately,anger
i feel scared and unsure and out of place,fear
i will learn to express my feelings in a way more acceptable,joy
i never feel fucked the week after i used some i feel great acctually thinking of the wonderfull time i had the weekend before img src http israel,anger
i feel and im irritated by it,anger
i feel fantastic and i find that i have a renewed sense of strength and endurance,joy
i get the feeling she doesnt really want to talk to me now so im hesitant on what to do from now on,fear
i know its been months but i still feel envious of my friends who are having their school holidays,anger
i would also feel threatened by the ease with which private information could permeate the system,fear
i feel very amused at that pic,joy
i can t believe i feel so petrified,fear
im going to be honest with you i feel distraught,fear
i just feel resentful and show my resentment by eating tempura and sundaes,anger
i was feeling pressured but it looked awful to have my make up on and my dark wig and then my eye brows look so light,fear
i seriously feel uncomfortable,fear
i not feel the tension that permeates the air in the calm before the storm,joy
im still feeling a little shaky as i write this post,fear
i was blessed but in some ways i feel like im being tortured by divinity,fear
i was feeling pretty wimpy in it,fear
i feel so heartless sometimes because i do not have the ability to mourn for the lost of someone relating to my past grandparents,anger
id been struggling with feeling highly irritable toward my husband,anger
i feel like this little innocent helpless person needs me and i guess i like to be needed,joy
i feel doubtful even when i am struggling a bit with my faith even when times seem dark or i feel alone i know that god is with me,fear
i were to stop there no doubt you d leave feeling dissatisfied,anger
i included my feelings but no violent acts were committed against her,anger
i feel like i just cant be bothered,anger
when we stayed in vienna with our class,fear
i get close to feeling what that is like is through dance which is putting music and motion together in a similarly creative way,joy
i feel quite uncertain that the art i create and my personal brand of creative living are what im here to contribute,fear
i knew i wanted frosting to decorate the cookies and write a message but was thinking of the cream type frosting which uses butter or shortening and feeling a little hesitant about adding all that fat trans fat no less,fear
i feel like if i was here long enough i would have my emotions back b c i could either be so stressed out by the people that i cant hide my emotions or that i would have my support back and feeling would be safe again esp without uw school work,anger
i guess i m a sucker for the grand and endless battle between apparent good and apparent evil and i m no different than anyone else who feels they have the divine gift of discernment in situations like this,joy
im feeling nervous but since it wasnt sore to touch to stretch or to use the muscles i felt assured it was nothing and that it would pass,fear
i devote a significant amount of emotional energy to feeling anxious and thus become irritable or frustrated with very little provocation,fear
i am feeling irate,anger
i had thought but i feel scared and somewhat trepidatious nervous and sad,fear
i have a feeling she will sleep through the night more and be a little less agitated,fear
i can tell you that i feel oddly vulnerable and disjointed and like i just dont want to come out and play a lot of the time,fear
i or lambrusco but the quality is so much higher than a lot of those wines that i feel this is a smart buy for those who like a little sweet and a little bubbly,joy
i smile people smile back and tell me they feel a little cheered up seeing me being jolly in the morning,joy
i feel about them i still end up nervous and have those naughty butterflies flying around my stomach,fear
i subconsciously feel a little bashful at the display of nakedness in front of me while watching the maid wipe windows on the outside of the room actually its just her shadow behind the drawn curtains,fear
im sore and feeling very unsure of how in the world i will go more miles in weeks,fear
i could feel what was going to happen at the very end but it still startled me,fear
im feeling a lil restless about axel,fear
i love the long summer evenings where you can shoot into o clock and not feel as pressured as the short daylight hours winter provides,fear
i was feeling nervous my hands felt shaky my heart was pounding,fear
i feel like thats a cop out having safe people,joy
i sobbed and cried to him feeling quite vulnerable and he did nothing said nothing,fear
i am jealous of andreas growing belly and the movements she can already feel i am envious of her state,anger
i have even a time or two found myself feeling a bit jealous of the mothers who had perfect babies who have been sleeping through the night since they were three months old and speaking in sentences by age two,anger
i found myself in the novel position of feeling a bit uncertain about the stock market rally,fear
i might start feeling nervous tomorrow but im not sure,fear
i feel so insulted because of a woman,anger
i havent exactly gone for a spin around the block yet since id feel strange strapping in a teddy bear in place of a baby but it looks nice and sturdy and like it will do the trick,fear
im frightened and feeling paranoid,fear
i am left feeling unsure and confused,fear
i feel i don t need to describe how gorgeous the dominican republic was i ll let the film speak for itself,joy
i would throw things and feel terrified and agitated,fear
i still feel like i got hit by a car i walked away only shaken up and not seriously damaged,fear
i can t make myself feel joyful but i can focus on the positive,joy
i an asylum seeker who i don t know how they live in this country without feeling assaulted,fear
i actually feel hopeful today,joy
i am feeling extremely annoyed and restless,anger
i have the dried bladders all ready for a day im feeling brave,joy
i feel like i ve been welcomed a tight knit family who ll make sure i won t feel alone ever,joy
i heard it somehow it brings me good feeling strange,fear
im feeling a little apprehensive about tomorrows weigh in,fear
i feel like a vile traitor even saying such a thing but its the truth,anger
i get the feeling people think im indecisive and childish which isnt entirely true not to the degree that i show it anyway,fear
i just didnt feel like i really got to know him which i feel is why im so unsure of his character,fear
i do for a living and lately more often than not both me and my wife who s also an ubuntu user have been feeling a bit uncertain about linux being the platform where we want to keep working,fear
i leave the nursing home each week feeling so joyful and ready to come back again,joy
i feel agitated and empty and missing something,anger
im feeling a combination of terrified and relieved,fear
i feel selfish for that choice i made i just beg that you dont let your love for me go away,anger
ive been feeling so restless at home these days probably because i had been cooped up at school and home for way too long,fear
i think i am feeling a little rebellious as i am getting older and i like it,anger
i could claim to redeem the genre but it didn t leave me feeling as entirely frustrated to the point of beating my head against a wall either,anger
i guess i feel irritated when great music gets ignored even if it is necessary,anger
i feel like there must be more to life than this and i m afraid there isn t,fear
i was feeling fabulous until friday morning when i started to get these awful cramps at work,joy
i made an appointment with a friend to drink coffee togehter however,anger
i admittedly feel like crap and want to sleep all day and am so cranky i just want to yell at everyone,anger
i feel i m getting distracted and not real,anger
i am not hausa but i feel offended especially as the crazy motorcyclist who is now getting up from the ground like nothing happened bears no resemblance to anyone from the north,anger
i woke up the morning of our hike feeling jubilant,joy
i also feel proud of her,joy
i really dont like attention because i feel pressured to think about a topic and talk,fear
i miss yall miss your comments and feedback and feel a little resentful that id had to shut it off due to a few bad apples to folks who just dont understood much as i might be baffled as well by their lives,anger
i didn t want to leave but i didn t before i thanked her parents for trusting me to spend the night and that it made me feel like they respected me,joy
i feel is manifesting in strange ways,fear
i feel innocent and free again,joy
i am so festive this feels so delicious wheeeeee what a great night,joy
i feel smart telling people i like wally lamb because hes actually not chick lit so i always mention him so people will respect me more,joy
a teacher was very blunt in his relation to a child so that the child was very upset when arriving at home,anger
i actually feel inside which is so dangerous because apart from my shoulder i feel really amazing,anger
i ended up shoeless making me feel even more vulnerable and slowing me down further,fear
i am feeling grumpy and irritated,anger
i start to feel happy and then i think of how lonely my cat feels,joy
i make jokes about being happy to get rid of them for the school year but its just because i feel incredibly vulnerable about sharing them with others,fear
i feel satisfied and happy with my choices today,joy
im getting things done that i really need to and i feel good about it,joy
i was actually starting to feel pretty cranky about the situation and was avoiding a lot of phone calls because i really just didnt want to talk to anyone about being late,anger
i feel relaxed and comfortable,joy
ive reserved the right to feel all stubborn and powerless about it,anger
i love the rainbow look that i have going on and think that it feels really festive i just hope the kids don t feel like it s suppose to be a constant party in our classroom thanks to the tissue paper balls,joy
i am feeling incredibly restless,fear
i feel like this was a milestone race and i ve shaken the novice feeling off,fear
i feel fab if i can get hours sleep in one go but sam doesnt always oblige,joy
i started explaining what my biggest problems were bottling up my feelings and then dumping all those problems onto one person and my selfish search for happiness when i had felt everyone around me had found their happiness,anger
i do occassionally miss wearing regular earrings but i feel like my plugs have just become such a vital part of who i am that probably sounds so silly and youre rolling your eyes at me now haha,joy
i was able to guess or pick up on a lot of the plot twists in this episode from the first hints we were given and whether thats moffat using really obvious foreshadowing or me having a solid grasp of his narrative logic im not sure but i like it it both builds suspense and makes me feel clever,joy
i discovered that it gave me a great feeling of satisfaction to produce a blog post a delicious dish a few photos a written recipe that tangible job completed feeling that s rare in my life as a stay at home mom,joy
i feel like im a shy enormous pink flamingo man,fear
i feel helpless and depending on the people closest to you,fear
i continue to feel inspired by the strong runner she has become this year,joy
i was feeling for the horses cooped up and determined if we got even a little stretch of weather i was going to see that each and every horse got a chance to get outside,joy
i do know the next time im having a glass of red wine im tossing a big ol ice cube in it and if im feeling really rebellious i may not even swirl the glass or sniff it and i recommend you try the same thing,anger
i am thankful for feeling useful,joy
im probably the least talkative person in the group i always feel glad for going even when its intense uncomfortable or when i feel vulnerable,joy
i think i want to go to an aa meeting just to hear the stories but it feels rude,anger
i dont know why i feel so unsure aout things and especially people,fear
i feel intimidated by your question,fear
i was feeling particularly bitchy and i dont think i adequately expressed my appreciation for that,anger
i feel combination slightly superior sitting in on virtual event you ll feel as if it s another day office,joy
i am going to post my training schedule for the next several months right here so i can refer easily to it or if anyone feel like supporting me and joining me in this,joy
i feel is most dangerous is people dismissing these disconnects and not considering them trials equal to the physical hardships of the revered pioneers,anger
i feel like it looks gorgeous with curls so instead of making the full transition i ended up getting extremely natural red lowlights on the bottom section of my hair,joy
i haven t done it in a couple years and now i feel like i m at a place where i hated it when i was doing it but i wish i could do it again,anger
i have been feeling agitated about lately,anger
i dont have to buy it in tubs which feels vile,anger
i could wear on a casual shopping trip to feel fabulous without even trying,joy
i returned home defeated and feeling totally unsure of who i was,fear
i am just feel so shy cause i realized those people behind me just didnt dance and look at us gt,fear
im wrong but i have a feeling the studio was reluctant to give clint money to fund a movie from the perspective of the japanese,fear
i feel like a savage when i eat meat but i wouldve eaten my own hand if i couldnt have some of that turkey,anger
i feel skeptical about it,fear
i resorted to yesterday the post peak day of illness when i was still housebound but feeling agitated and peckish for brew a href http pics,anger
i feel thank you everyone for the amazing thoughts and prayers,joy
i feel like life gave me a plenty of changes to shine and i pissed all over each and every one of them,anger
i felt afraid just before receiving the question paper of the part ii exam,fear
i feel assured the world around me seems brighter,joy
i never want to be rude even when i feel someone has been rude to me and even then i don t want to i feel like i need to like if i don t crush the offender thoroughly i will be left in tears in front of everyone because i am so sensitive,anger
i don t feel successful if that makes sense,joy
i feel like a very impatient mensa member at such times,anger
i am not monitoring what i have to say about anything if you ever come across any of my blogs and feel offended please dont stop by here again,anger
im feeling very mellow and relaxed sometimes im feeling productive and quiet and sometimes i just wanna have fun yknow,joy
im still feeling a little hesitant but plunging in with a multitude of colored pencils nonetheless,fear
i feel kinda appalled that she feels like she needs to explain in wide and lenghth her body measures etc pp,anger
i feel a litte shaken up by this point,fear
i talk about in this essay is that people feel differently about poetry when they re angry or sad,anger
imdoing good and its almost strange to feel carefree,joy
i remember feeling as if i didn t belong and that i wasn t smart enough cool enough or even young enough,joy
i feel free to create the definition of what i believe in rather than following a prescribed path,joy
i feel insulted by this technique which is also proven to be one of the worst for educating because i already read the slide faster than he was able to speak,anger
i did feel a bit like i was being mircowaved which wasnt an entirely pleasant feeling,joy
i was a child i stole rmb from my grandfather maternal and i feel i exceptionally wronged him,anger
i feel fine now but it was pretty rough running for hours and minutes straight,joy
i even had a deep feeling for alaska and the cold and snowy and yet big open land with the pine trees and mountains but im destined to live in southern california,anger
i feel like i should have actively hated every single second rather than just borne it all,anger
i feel all mellow and calm,joy
im not sure that feeling slightly wronged by the police the sheriff or the tsa is always a bad thing,anger
i just feel like warner brothers fucked with the final edit and that an even better film will be arriving in director s cut format on blu ray,anger
i just feel so overwhelmed by the feeling of balance that i just,fear
i start to feel annoyed about the whole thing and end up ordering pizza,anger
ive always been feeling restless and dissatisfied with our relationship,fear
i feel a bit uncertain really shes a nice girl and good friend material,fear
i could look for solutions instead of just feeling helpless actually made a big difference,fear
i always feel very threatened by her when it comes to guys cox you no she gets a lot of contact with the guys i like like my first and bf,fear
i feel hateful of everything suddenly,anger
i get this strange feeling that even with people with whom im friendly im some sort of intellectual target which is getting rather annoying,joy
i am feeling impatient i havent been blogging because each day was pretty similar sleep eat pregnancy pains sleep etc,anger
i don t know if i have told this to you but i feel intimidated by how smart you are,fear
i feel that learning more about animals and the amazing things they can do just points to a wondrous creator,joy
i workout every morning before and feel fabulous for it,joy
i feel amused when i hear my neighbour use the word muze instead of mujhe and hey kay becomes zay kay,joy
i feel like i would have been confused if i had waited a long time before reading the second book,fear
i feel they think im always glad but theres something they dont no im the one whos feeling sad,joy
i feel this strong urge to stop the work trip,joy
ive had a somewhat difficult time trying to find something to feel thankful for,joy
i keep feel irritated,anger
i feel a lot of pressure but i am determined to finish them so that i can visit my sister in may with a clear conscience,joy
as a child i suffered of nightmares even since than,fear
i feel which is glamorous and my little lacy bottoms have a tiny g string underneath,joy
i would give up feeling fucked to feel neutral,anger
i chose to share that little personal snippet in my phone because i know i m not the only one that feels this way and i know i m not the only one that was petrified to face it,fear
i can understand feeling uncertain about the abc link,fear
i read too much about discovery and exploration in the wild west and while i feel that those concepts are precious taking part in them often myself this book just brings a refined feel when i sit back in the chair for some quiet time,joy
i slough off the carapace of crud that has enveloped me for the past thirty odd hours i feel invigorated and finally ready to face the day,joy
i am feeling quite disorganised and distracted and i wish i could answer some of the questions i seem to be unable to block out or forget or answer with logical answers uuuugh,anger
i feel very agitated just sitting here,fear
i know i said that i would get this to you guys next week however i am feeling pretty generous so ill give you guys the scoop right now,joy
i folk if im feeling sociable,joy
i was feeling apprehensive about my journey because i would be using public transportation the whole way,fear
i always got the feeling she hated me,anger
i do feel that running is a divine experience and that i can expect to have some type of spiritual encounter,joy
im continually feeling triggered im not sure if people are insensitive or if im selfish most likely the latter,joy
i need to take my own advice and the advice of many many writers who i admire get the butt in the chair every day even if youre feeling distracted or stressed or whatever,anger
i feel impatient but much thanks to nic she knows how to calm to me down,anger
i really feel for these innocent kids because not only are they taught unconscious racism but then they are taught overt racism and they have no choice but to follow,joy
i might go get a car wash if i am feeling really generous my car needs it,joy
i started feeling reluctant to go because i wanted to spend some time with my family before i left,fear
i remember two specific things from that class feeling terrified of my teacher who would repeat the same question in spanish with increasing volume until his victim either managed to answer correctly or ran away screaming and feeling distracted by the cute boy who helped me study for tests,fear
i woke up feeling distraught,fear
i had it in my head as it relates to the workplace because i had just been irritable to someone a tiny bit lower in status than myself in response to someone who is higher than me making me feel momentarily pressured,fear
i feel fabulous,joy
i could feel myself hit this strange foggy wall,fear
i admit i was feeling agitated so when hubby asked me if i want to join them for a drink i agreed,anger
i indulge in doing some work i forget about the time trust people easily feel restless until my work is been finished,fear
i feel like im more hated than celebrated and i cant wait till the day i can say i made it,anger
i feeling shy,fear
i dont want the big buttons simply as i dont feel bothered with nice looking button holes maybe next time i have a suspicion they could be the cause of giving up again so to avoid negativity i ordered extra large red press studs that i will attach using a decorative stitch visible from the outside,anger
i wouldnt feel uncomfortable wearing it at work,fear
i get what shes saying but on another i feel pissed that she has to have a thick skin to put up with the crap women heap on each other,anger
i feel really greedy but i like hogging him,anger
i feel less keen about the winston churchill quote really i feel less keen about the winston churchill quote a href http www,joy
i am also not a perfect girl friend and im always a disappointment always feeling so doubtful and always putting you through a hard time with my mood swings and sudden outburst of low emo mood,fear
i feel in the long run this hurts paulie as you could visibly see how distraught he was with the result and the perception of his performance,fear
i feel hesitant unsure doubtful of myself,fear
i never feel hesitant or timid,fear
i still think it is worth posting here as a reminder for the next time i feel anxious,fear
i feel a bit stressed because it feels like im supposed to do something all the time and that i should be reading now,anger
i feel the weight of my single dom pulling me under like a dangerous rip tide that is relentlessly surrounding every inch of my body,anger
i feel i had to make as a hateful bastard is too stupid to make any assumed connections that are not themselves hateful,anger
i am feeling a little dissatisfied with my pictures for the last couple of months,anger
i did feel reluctant to keep on going and drew focalors sigil with a black opium incense stick on a wall by grabbing the wooden part and pulling the incense part back slightly and allowing it to smack to wall leaving a black powder line and meditated,fear
i still feel incredibly frustrated by it,anger
i use an elevated lexicon to feel more intelligent,joy
i feel myself afraid of being abandoned,fear
tutorial again a fearful feeling came to me when i sat on the chair and looked at my fellow students all around i was really scared that they would ask me some questions or challenge the ideas that i had presented,fear
i will not go into details from that long night but i woke up for our am bus feeling like i could barely stand and not trusting the pit in my stomach,joy
i feel like i should have some wine or something i was amused,joy
im not sure i relish the feeling of squelching mud between my toes when its contents are uncertain,fear
i am horrible about articulating my feelings particularly verbally sometimes i cant even remember incidents just that i was mad at something,anger
i wish i could call off the wedding just so i can feel carefree again,joy
i havent written in awhile and it feels terrific to scribble stuff down in a notebook from time to time,joy
i had a go at it it said i was feeling paranoid lol,fear
i am feeling bitchy cross whatever,anger
i feel so honored to call rex dingler a friend,joy
id pop out of the chair feeling like i should be doing something more worthwhile,joy
i still feel jealous of my friends when their moms talk politely with them,anger
i don t feel petty,anger
i plan to share my everyday life stories traveling adventures inspirations and handmade creations with you and hope you will also feel inspired,joy
i grin and kiss my way down his body the same way he d done to me except with less teeth because i m feeling rather mellow and content at the moment,joy
i am feeling anxious that im not out watching this important game that im avoiding a bar because of an asshole who broke my heart and that im missing out meeting cute boys,fear
in ward a was an epileptic patient who was burnt the whole body and was stinking very much such that the whole ward was affected few people could come near him,anger
i was feeling very reluctant about the players even finding a library or sage to identify stuff for them,fear
i would have wasted time and money and i just feel really pressured because i dont want to do that,fear
i feel scared when my father suddenly opens a door,fear
i have already said i am one of many feeling threatened and attacked by the government and media of today and have had to look outside my own small life,fear
i started feeling intimidated by the thought,fear
im blocked i could at least be doing something constructive my room needs a major cleaning for instance but i feel agitated if im not at least doing research for this story it does require a lot of research,anger
i wanted to feel assured,joy
i remember feeling frantic at this point,fear
ive been feeling very intimidated and overwhelmed by the workload this semester and so ive just been avoiding doing what i need to,fear
i feel like my very own very little barbie doll i get to decorate myself up i hated heels before but thats all i wear now,anger
i feel so completely helpless to do anything to help those affected by the tornadoes that hav,fear
ive had little movie star tears come down but the way i feel is not relieved by that,joy
i feel but is ultimately just ok,joy
i feel the reader will get confused with because it bounces and uses references from its earliest time period which is like the dawn of time till now,fear
i have admitted defeat and asked the other half to come back from the lake coz i just feel so uptight already,fear
i feel uptight love had to show me one thing i was so right,fear
i don t really feel all that bothered by it to be honest,anger
i supposed to feel about a persom that i was wickdly in love with for so long for me who tells me that he will not see me when hes got a girlfriend because he can not be faithful to her if im around,joy
i do not know if i already hurt their feelings which may lead to their violent reaction may turn into a bad outcome,anger
i feel like i may be veering into some stereotypes pretty soon,joy
i feel like i m accomplishing something and when i feel passionate about life,joy
i did a breathing treatment but as i laid in bed i felt like complete crap and i couldnt sleep so i called in thinking i really need to get steroids and ill feel fine right,joy
i feel resentful toward my wife when weeks go by without sex,anger
im in the car with my roommate and her family i feel like im being all rude because i have to call her and my dad so that my dad can give her directions and she keeps asking what she needs to bring,anger
i feel so pissed about myself,anger
i didn t feel like i was being bitchy at the time but upon retrospect why wouldn t he think that i was trying to shake him off,anger
i feel peaceful secure and independent,joy
i feel i am seeing a series of intelligent people who have compartmentalised science and religion mostly into separate areas of their minds and not all in the same way and they are flicking backing and forth between them like radio dials,joy
i can remember a year ago yesterday feeling so unsure so scared of what our future held,fear
i could feel this way but i honestly believe that he was and is a very violent and dangerous man,anger
i got that straight i realized that i was dealing with someone who was feeling insecure,fear
i bag qaf look who s cryin now jacynthe lookin good feelin gorgeous rupaul the skins scissor sisters valentine the sun fed up kayle who s your daddy gerling awake the unkind u,joy
i read in the book called the mindful woman that every so often throughout your day you should stop and close your eyes and think about anything that you can hear or see or smell or feel its kind of a cool experiment,joy
i feel like a paranoid victim of the system in fear of something learing in the depths,fear
i got home i started to feel weird,fear
i can feel myself slowly uncoiling from the fearful place inside and enjoying the time as i hope he can enjoy it and starting to actually swim around a bit rather than just walk in the water,fear
i feel pretty insecure about my current relationship,fear
i feel hateful of myself for being alone,anger
i forgive myself for accepting and allowing myself to feel uncertain about my application within this i reveal that i feel uncertain within myself,fear
i absolutely love this skinny fiber it is doing wonders for me and i feel fabulous,joy
i feel insecure all the time,fear
i feel furious at myself for being so pathetic furious at her for various reasons,anger
i didn t feel well,joy
i know i can do it and in fact that i will but i feel terrified that the stories won t be as good as they could be and that any readers that i can actually convince to buy the book will read it and hate it and never want to read anything by me again,fear
i feel fucked church of fuck luminaries swinelord are back with a deluxe r,anger
i was not wrong to feel angry but i was wrong for what i said,anger
i feel angry at him for being so selfish and giving me absolutely nothing to go on,anger
a group of youngsters dressed in fads talked foul language on a bus they also insulted the pedestrians on the road and were impolite to the passengers of the bus,anger
i want him to feel uncertain and unsettled because he deserves it and maybe itll teach him a lesson,fear
i also feel extremely blessed to be marrying into such a loving family,joy
i feel hated by,anger
i open the file im interested in and for about twenty minutes read fiddle and wonder why im not feeling creative,joy
i may resurrect when im feeling more generous i did an all too lengthy series on a history of my celebrity crushes,joy
i closed her eyes in anger and feeling disgusted by this touch,anger
i know some people may cringe but when i feel something in me i have to say it and if you wanna get mad well get mad,anger
i would say that when they start they will feel really intimidated by the code and how vast everything is,fear
i also find that if youre feeling cold then get out the broom and scrubbing brush some vinegar and old newspapers and give the house a going over,anger
i feel obnoxious for saying that,anger
i began the day feeling intimidated courthouses are designed to intimidate but ended the day cheerfully chatting with the judge in his chambers,fear
i feel really overwhelmed with mine,fear
i feel disrespected and insulted,anger
i joke about her leaving me or tell her that i know shes going to fall in love with the city the country the people and never come back theres a place deep in my mind parallel to the empty sick feeling in my stomach that is terrified she really wont come back,fear
i just wish i didnt feel like my roommates hated me half the time,anger
i just feel cold said rachel,anger
i hate the way mom and dad are to her i hate the neglect of her feelings and her needs as an intelligent child that are rampant in their parenting style,joy
i feel uncomfortable with the fact i am so powerless at the moment,fear
i have to leave my hair alone now if im feeling impatient,anger
i was able to be myself and not feel pressured to talk in a group so it was in a way better than all the years in secondary school,fear
when it became clear that a man had used many people sexually and psychologically,anger
i feel much alarmed at the prospect of seeing general jackson president,fear
i feel agitated im nervous im anxious,anger
i feel vital full of energy every day and super positive,joy
i was feeling and i said impatient,anger
i always feel rushed on the way to visit no comments,anger
im not feeling outgoing and am in no mood to put the game face on and smooch,joy
i began training in january or at least mentally preparing myself to train and can remember specifically feeling apprehensive about the running a spring marathon,fear
i feel its my job to give you perspective to at least attempt to provide context as to why seemingly intelligent folk say such unimaginable things,joy
i really want to share the chance for you to win too because i feel passionate about the subject,joy
i know exactly how put out you are and feel like it is only really acceptable to foist that inconvenience on family,joy
i really love the feeling of being scared,fear
i should give as charity only what i feel is valuable to the person receiving it,joy
i was a mess completely stressed out feeling terrified of doing the wrong thing of mis stepping or of in any way dishonoring or upsetting my medicine family or any of the participants in the quest itself,fear
i feel uncomfortable and slobby,fear
i feel like so much of my life has been rushed through like just the means to an end and now it feels like i am enjoying everything i possibly can for what it truly is,anger
i hate feeling bitter,anger
i use it regularly with relaxing music and always feel invigorated afterward,joy
i buy books about people i feel are equally fucked up as i am or books about zen approaches to shitty situations,anger
ive had a long road of that initially feeling like i was being rude for turning down food that was made brought for me and sometimes eating stuff because it was gluten free and looked delicious even if it maybe wasnt what i felt good about eating some really mediocre wedding cake for example,anger
im totally feeling bitchy and resentful about it,anger
i feel your pulse against my lips as i chase the dragon suck your lips and is your heart and tongue wish begging for my part and fingers translate your sorrow as you reach inside my soul angered in my breath of mercy the story will no unfold,anger
i like my new bunnysuit when i wear it i feel cute,joy
i am down pounds feel fantastic and were shocked to have discovered what i had been going through this past year,joy
i feel like my casual nonchalant attitude is easi,joy
i feel privileged to be amongst this new culture and learn new things,joy
i am right now i feel amused the sounds i hear are my aircleaner around me i see my bed and my cat i feel most connected to this person michael i think it s weird that im a mom,joy
i feel a strange disconnect,fear
i dont know who wrote the following little note but this is how i feel today if u r offended by the following posting then you obviously have not lived long enough to be compromised on how you act or believe,anger
im feeling a little gun shy about this,fear
i feel the divine envelope me when i watch literally hundreds of faithful at mass in line for eucharist hundreds of people who include professors homeless bankers students rich poor mentally ill healthy conservatives liberals gay straight sweet rude arrogant kind,joy
i would stay in charge thereby helping z to feel safe yet at the same time be nurturing and loving,joy
i know what god has said about stuff and yet right now i am beginning to feel anxious about it,fear
i feel unprotected if i do though,fear
my flatmate was asking questions about my relationship with my boyfriend,anger
i used to feel pretty friendly with started spouting off about how russia is running a muck for no reason that they dont give a shit about their citizens and that they cant be trusted,joy
i continue to spend hrs into not feeling envious can i really do it,anger
i think im just being stupid feeling nervous,fear
i had been feeling was all my fault that i had wronged her and caused her to abandon me,anger
i sat with dave atell at first trying not to feel rude while the guys were eating,anger
i feel better now on the menu tonight,joy
i feel violent or something today,anger
i love how a whiff of a certain scent can take you back to a certain time or place remind you of a certain person and make you feel content or nostalgic,joy
i kept my laptop close searching for jobs that i could build a career out of and looking for those all important christmas recipes to make this year feel a little more special,joy
i swamp uncaring unfeeling fucked up apathetic humanbeings who wont pull their heads out of their asses long enough to turn around and look at me and say i see you,anger
i feel like i was actually productive today,joy
ive been angry and under that anger hurt are not gone but they feel resolved,joy
i am plagued by awkward feelings the charming tale of a not so charming gal named me,joy
i thought about it later feeling anxious and worried,fear
i dont have a god to turn to doesnt mean i dont feel offended by that,anger
im feeling overwhelmed i can just give people the middle finger or tell them to f off,fear
i have a feeling i shall go mad,anger
i feel like i enter his class petrified that im going to do or say something that will make him think less of me,fear
i feel really disgusted with myself more than the pain and agony,anger
i felt jealous when you i feel insecure when,fear
i feel more and more stressed,anger
i glimpse at his clarity when he takes the reigns i can feel the calm,joy
i giggle nervously when i feel threatened,fear
im not going to gush too much about the relationship but just know that im feeling very content these days,joy
i get changed i am feeling insecure,fear
i actually stop to think about it it makes me feel quite overwhelmed,fear
i feel a bit reluctant to write this,fear
i got my eyebrows waxed the other day and i feel glamorous,joy
i just feel kind of heartless now,anger
im not feeling obnoxious with myself anymore,anger
i feel as though i fucked up so majorly this summer that im cast off into an alternate universe that i went the wrong way on a timeline and im stuck in a world that the same as the one i knew in all but one way,anger
i told her that we cannot continue this way and when she is starting to feel frustrated she has to let me know in a calm way,anger
i guess i feel that the things i wrote about were so petty and small that im kind of embarrassed to go back through them,anger
i am feeling that he does i wonder if such a dangerous place could be settled with the mentality that the enmayi have to bring to the possibility,anger
im feeling slightly intimidated,fear
i need some to hold me to hug me like they love me really love me to be there in quiet to just sit to be there just to stop me doing something stupid it cant be my parents cos i know id just run i cant run from other people i feel rude,anger
i went to pick up the kids feeling scared and trembly and very self critical for my stupidity,fear
i am especially interested in hearing your thoughts or perspective on what you read about how men and women feel respected or lived,joy
i couldnt help feeling a little envious of what treats the body power people might have in store for them demonstrations of super strength perfect specimens glistening with accentuating oil exercise gear to be seen in,anger
i feel the cold more than him,anger
i can feel this really effecting my attitude toward her i feel bitter and angry,anger
i feel that we are often at the forefront of what soon becomes popular,joy
i woke up feeling very distraught and aware of something terrible which will happen soon,fear
when a friend of mine keeps telling me morbid things that happened to his dog,anger
i feel distracted and its sometimes hard to talk to god and that used to be second nature to me,anger
i don t know what to do about it or how to do it almost feeling angry within myself that i can t do something tangible and pragmatic to help my sisters,anger
i feel rebellious even,anger
i am sometimes confused as well for a moment in a time of need when the day to pay a bill has come and we dont have the money we need i sometimes feel confused as well,fear
i feel about him and how he affects me and people around me this is my story i have been trying for years to find a way back to the life i had before being in a long and very violent relationship,anger
i feel genuinely wronged,anger
i al feeling rather agitated and i am not totally sure where it is coming from,fear
i feel vulnerable and alone,fear
i feel that many people need to worry about their own families their own children and their own self because time is precious,joy
i seriously considered pulling the offer and i was feeling that we rushed into it all too quickly,anger
i often feel the need to defend just about anything even in casual conversation like blue s from the color code are usually christmas fanatics and i jump in and,joy
im feeling pressured at my desk due to the piles of tasks waiting for me i will often pack up and go write in a quiet corner in my bedroom living room or kitchen,fear
i detest feeling uncertain,fear
i get the feeling were being tortured,anger
im feeling font friendly,joy
i read several pages and still feel unsure i feel i ve wasted my time and can t engage with the main argument,fear
i feel im not bothered by that,anger
ive been feeling so bothered lately,anger
i have to have it done but i feel terrified of another intrusion to my body,fear
i feel so disgusted and ashamed of myself,anger
i look back and i feel so incredibly satisfied with my life refreshed ready for my next adventure,joy
ive clawed time back and i still feel strong,joy
i feel so cranky and disconnected,anger
i just feel too stubborn to give up on a dream,anger
i feel a violent tug at my eye socket,anger
i feel intimidated by the wide open design and therefore find it hard to write,fear
i feel unsure of my footing,fear
i asked feeling hesitant,fear
i feel flirty playful sexy reckless,joy
i will continue to feel disgusted every time i accidentally catch a glimpse of myself in the mirror or see the results of an impromptu picture,anger
i was feeling determined it didnt take long for me to start nomming on naughty stuff again,joy
i left that meeting feeling helpless and betrayed by the very laws that are supposed to protect me and other people in this state,fear
i also always feel a little scared,fear
i feel like popping them in the face with my fist because they re obnoxious,anger
i feel like im tortured like years ago,fear
i woke up this morning wanting to cry and the feeling hasnt been shaken yet,fear
i remember feeling uncertain about what to say well erm we are trying and my period is due this week so erm,fear
i feel agitated,anger
im feeling slightly irritable but generally level headed and actually not in a bad mood,anger
i know i am not alone when i say i often feel rushed,anger
i started pin pointing faults at home and with relationships feeling left out and confused about my purpose in peoples lives that i had once been close to,fear
i am mostly feeling contentedly terrified about it all,fear
i feel that gulam ali is even more talented than many other classical singers,joy
i know we create our own destiny but do you ever feel resentful for the way your life turned out,anger
i don t know if he knew about buffy but i for one was feeling nervous about how the whole multiple dogs on a flight thing was going to pan out,fear
i feel disgusted just looking at that number,anger
i always feel pressured to act normal with my eating around family at christmas so yeah ill need to lose weight to be comfortable eating dessert and stuff then,fear
i could ingrain in my mind all my feelings all my experiences reading it so if i hated everything that happened in the next book i could just go back to the first and pretend nothing ever happened past it,anger
i wonder sometimes whether i have just added to the antagonism and misunderstanding that many people have towards those of us who feel reluctant to wholeheartedly support the traditional armistice day remembrances,fear
i have a feeling something startled her but either way she started on my shoulder and ended up across the room a very slow flutter mind you,fear
i feel that it s worthwhile to patronize their restaurant,joy
i feel so grouchy and irritable when im sick,anger
i just remember feeling frantic desperately trying to say what i needed to say to q,fear
i have every right to feel outraged that their legacy may be in danger,anger
i feel a little bit frightened of islam,fear
i grinned at peter feeling somehow triumphant when it was only partially forced,joy
i feel honored that my art is going to fill a room where sick children need all the joy they can get,joy
id be feeling paranoid about going bald,fear
i try and try to keep up with other bloggers and read whats scheduled so that my review goes up close to when everyone elses does but im tired of feeling rushed tired of the pressure that i put upon myself,anger
i am feeling completely overwhelmed i have two strategies that help me to feel grounded pour my heart out in my journal in the form of a letter to god and then end with a list of five things i am most grateful for,fear
i feel satisfied with it,joy
i rarely feel hesitant to say something sometimes even too much,fear
i totally passed this one up when it first appeared on xbla but it s now on sony s handheld and it feels like a pretty perfect fit,joy
i walked around my yard and even got down by the waterside of the lake i live by i couldnt feel my fingers it was so cold,anger
i did this especially feels strongly at the moment with gina who just died but had as fucked up as a family as you could ever imagine and wrote me letters during my misgivings and insecure times about how my love was enough,anger
i remember feeling acutely distressed for a few days,fear
i feel resentful that i have too,anger
i now feel like im finally in a position to decide whether to indulge in joyful jubilations and claim my free chocolate bar,joy
i feel very agitated and sort of lost,anger
ive been feeling a little frantic recently because our summer together is flying by so quickly,fear
i feel so strange sitting here blogging away amp not having to study,fear
ive been feeling jealous lately of bloggers going off to author readings and book si,anger
i cant help but feel a bi jealous of their professional organization good support system and comfortable living situation,anger
i feel like i am really valuable to him,joy
i feel offended if you question my results as unfair saying that i am lazy and all so why,anger
i knew it was the holy spirit at work plus it feels divine in the gooooood way like a massage reassuring me,joy
im feeling a bit more sociable now although i dont think ill be able to express everything i want to say,joy
i answered feeling rather skeptical,fear
i felt rich being able to insist on paying more than the asking price the shop assistant was obviously pleased at being able to boost the takings for the charity and i hope the generous person who donated the easel to the shop is also feeling rich,joy
i try explaining my feelings and someone dismisses them blindly i feel frustrated and disinterested in discussing my opinions because they cannot put themselves in my place and know what i have experienced by living there,anger
i feel ive answered those questions for her and shes pretty trusting for the most part,joy
i feel is hostile kinship or mounting nausea did you know that back means the binding itself,anger
i hope to see or feel a mad glint in your eye because some madness some pathological curiosity is needed,anger
i feel a little strange recommending this one because i wrote the first night marshal book and invited glenn to write the second,fear
i am feeling highly frustrated because i had worked a long day and just wanted to get home and take a shower and eat my snacks and listen to some music,anger
i can see in myself a lot of the older son i m angry at god the father not giving me what i want even though i feel that i ve been pretty faithful to him though i ve screwed up plenty,joy
i just have to feel threatened to be reminded that i will be saved,fear
i feel all will be ok and that the blessings pronounced upon me will be realized in accordance to my faithfulness,joy
finding out that i am not ill not seriously,joy
i feel relieved because finally i can move on without a single tear shed,joy
i feel myself so honoured,joy
i feel more vulnerable,fear
i feel a little overwhelmed,fear
i can drop a great deal of paratroopers on the table at once should i feel the need to do so or conduct other useful air missions,joy
i feel like im so enraged,anger
i feel unease in my room but our living room is very pleasant for me,joy
i was feeling cold and wet most of the time,anger
i do not feel insecure or unsafe,fear
im feeling very sarcastic today,anger
i am not feeling particularly creative,joy
i yearn for when i feel vulnerable,fear
i compare your beauty i feel unsure where to begin to angels or nature or what,fear
i take a long sip and feel the cold sensation of the iced capp,anger
i mean i feel i feel like the i feel the burden i cant breathe and suddenly im terrified of october what have i been doing the past weeks,fear
i feel a violent urge to vomit and back out of the room,anger
i did not feel like i was on the edge and it got to a point where i wasn t bothered about who wins and to hell with it whether this fight will even end,anger
i feel like a cold object with no identity,anger
i am slowly paying off my debts and i feel generally happy about where i am and what im doing,joy
ive talked with her telling her that sometimes i feel shes not sincere,joy
i was left with my integrity and my dignity intact but feeling pissed off,anger
i mean i already did of course but i feel more glamourous naked now,joy
i hope my condescending attitude will allow present me to feel offended and as such remember that the amount of sunlight affects plant growth,anger
i was feeling rebellious so i ate it,anger
i still second guess myself and still have a terrible time making definitive decisions but there are certain truths that i do know about myself and i feel assured by those truths,joy
i was feeling quite apprehensive about my wig as i felt that it wasnt as full as id hoped it would be however id taken into account my models beautiful long hair,fear
i guess avoiding the boundaries conversation with him has me feeling a little unsure about my confidence and strength,fear
i got an overall dark and uncomfortable feeling as we chose to stay until the end as not to disrupt or be rude,anger
when i happen to witness some sadistic acts,anger
i was getting motivated about losing weight and getting healthy and wearing that outfit and feeling fantastic,joy
i feel really cold and miserable but i try to motivate others who are finding the walk as trying as i am,anger
i dont know why but lately i feel so dissatisfied,anger
i do not feel comfortable staying in my house i feel relentless when im asked to do something tired almost all the time and bored without my own money,joy
i would veer from feeling utterly terrified to utterly disorientated to utterly queasy,fear
i feel bashful under his teasing scrutiny,fear
i thinks this chiefs ccw should be yanked by the state as i feel threatened,fear
i feel it s a worthwhile cause and hope you decide to participate,joy
i feel uncomfortable using the word awesome but this idea actually is,fear
im feeling really positive desp,joy
i feel deeply pleased as my hand plane takes off thin shavings of wood with a precision that is truly marvellous,joy
im sure that the folks in virginia florida and the other handful of swing states agree feel not only put upon but insulted by the constant barrage,anger
i feel virtuous for a few seconds when i reflect that i did spend something when i went to the swimming pool working towards personal fitness yes,joy
i feel that while i was furious with the ra and the mug i was polite to her,anger
i feel so rich when i pass by you i see a penny,joy
i feel incredibly sarcastic right now,anger
i hear such stories i feel cold,anger
i feel jealous whenever it is in a relationship because i dont get to talk to it anymore,anger
i dont really connect with the main character or anything in fact i feel like he is almost too innocent to be me,joy
i wanted it to feel special for all the guests that alise and jeremy chose,joy
i was really upset when he went away though i can understand how he must feel and i wont be greedy and pester him about it,anger
i was feeling doubtful and sad about the relationship i have with this man,fear
i feel that it could have been a more successful outcome had i explored new styles but kept it close to me and remained myself,joy
i do feel very angered though,anger
i do feel welcomed,joy
im just feeling seriously pissed off at myself for doing something fantabulous but utterly stupid,anger
i feel delighted toward something it could be an acheivment i did or my surrounding or even unexpected event that happen to me,joy
i feel strongly it could be helping people and doing what i am unsure of but it isn t within the us,fear
every time i meet a certain dog that has once bitten me,fear
i also feel it can be rude to see your family doctor out and about and approach them together with your ailments,anger
i feel so insecure about my writing,fear
im feeling very frustrated with my novel in progress right now and i cant even decide why,anger
im sure that each person has their own complex set of reasons for leaving and chalking it up to one reason or feeling like because they all hated academia is probably a little too simple,anger
i feel like i ve regained another vital part of my life which is living,joy
i have written i feel suddenly hesitant to post it,fear
i should not feel afraid we can stop shoulding all over ourselves,fear
i can hear the hum you make at the feeling of my warmth and my legs shift a little in a strange need,fear
i feel ok an that kai can take the emotions that he will be feeling today,joy
i feel as though my own snowglobe is being shaken and im still flying through the air,fear
im back to my un emo mood re reading that post makes me feel like im over reacting over something so petty,anger
i didnt really want to talk about it with anyone because its kind of selfish and i feel that id rather ignore it than to be selfish about it,anger
i almost feel greedy with my rd child when so many people i know are working so hard for or,anger
i do feel a bit fearful that he might be feeling stressed to be drinking so much,fear
i was still feeling a bit unsure a bit not convinced still a bit frustrated,fear
i feel good about the project,joy
im feeling very uncomfortable there the comfort and warmth is just not there any more,fear
i am lost distraught and mainly at a state of feeling helpless,fear
i suppose he feels badly because he was a bit skeptical of her pain over the last few months shes had a hyperchondria and exaggeration habit in the past though he never openly questioned her about it,fear
i feel with the capacity of a producer and an actor someone like david would be far more accepted when he comes onscreen and shows boxing in a different light,joy
i often play the role of a loquacious hunters always feel superior to others than he who long off than he beautiful really a flower plug in cow dung and marry him though he be like a big grievance,joy
i kind of struggled with it though and didnt feel like it was super powerful,joy
i do have to say that at first listen yunhos raps gave me that wtf feeling but after listening a couple times im determined to learn them,joy
i say whatever comes in my mind tell you directly what i feel a jealous girl not because i m insecure but because i just love that person a trust worthy friend sweet to the one i love,anger
i didnt sleep quite as well last night but i still feel quite energetic this morning,joy
i feel so vulnerable i need to have a mask on to go into the world or if my desire is caused by a need to divert attention or cover up weakness i should probably be making more constructive use of my time than trying to look pretty,fear
i feel very giggly and upbeat even though i feel like i should probably be morose and sombre,joy
i dont want to wax them off and draw them in or anything i just need to not have a unibrow and maybe get rid of the few spare hairs creeping down toward my eyelid if im feeling brave,joy
i feel i am determined to regain my routine i once had and of which i was so proud,joy
i still feel somewhat dissatisfied with myself,anger
i am feeling manipulkated and wronged by my son and its as though he is lucy and i am charlie brown,anger
i feel the cold mostly in my arms and torso,anger
i am feeling a little nervous and anxious but never second guessing my decision,fear
i feel truly impatient that this is taking so long,anger
i am not strong that i feel scared lonely lost and confused,fear
i feel satisfied with the manner in which i have settled in to my new school and feel that i a now in a position to slowly weave my magic,joy
i don t feel bitter about my lot nor do i wish any other mother s son was in my place,anger
i feel a bit insulted by that as i am nothing like other women i bloody hate them and their incessant bitching in general over bloody nothing most of the time,anger
i feel a little paranoid that i may forget what ive learnt,fear
i feel bitchy i guess,anger
i am still feeling somewhat intimidated but i guess by being safe and cautious and fully aware then i will be ok,fear
i want to say how i want to feel just come out so bitter and angry,anger
ive been feeling distressed,fear
i do not feel assured in myself and i bet i know a few who can relate,joy
i actually feel quite scared to get back to exercising because i feel like ive lost so much strength and condition and put on so much weight,fear
i hate feeling so despised and detested by someone who i truly care for and completely love,anger
i last saw him and already im feeling this agitated,anger
i sat there feeling frustrated that i didnt know about some of the different things ashton and isaac could have been involved in why werent the boys pro active about getting involved in more things and getting more awards,anger
i feel very confident today on my front nine,joy
i havent known sue anything like as long as bloater and lisa but i feel like i have you know one of those people you meet and you just click with you can have grumpy old people conversations straight away with them but then roll around laughing the next minute well thats sue,anger
i went to registration passed an uneventful five minutes feeling deeply amused,joy
i am definitely feeling the festive vibe and i have been busy with christmas y things mince pies are very much a british xmas goodie that i had never heard of before i met my husband well maybe in a song but other than that,joy
i feel not offended in any form and should not make this big and in the end it doesnt bother me at all but ive learned to show some balls in the past and say what i think not anonymous so if we would give some weight to the content of these comments there would be the questions what is behind it,anger
im feeling less hateful of fandom,anger
i think of how many years i spent feeling furious at my dramatic perspective of the world and my extremely sensitive nature,anger
i have been neglecting the feeling of people around me i was stubborn,anger
ive done so much reading but i feel like im being paranoid by doing all this extra stuff since no one seems to,fear
i was feeling productive,joy
i feel a bit relieved,joy
i have a desk job and sit on my ass all day long so sometimes i feel paranoid that i m not being active enough and think things like dear god what if i get so fat that i can never lose the baby weight,fear
i remember feeling so hellip furious with the shooter,anger
i hope that i look back on this in the future and feel glad i documented all her small ways and feel if possible even more love for her than i do now,joy
i over think you think i really feel insecure,fear
i said im only pages and this book feels so tortured and you can really feel the pain of the characters,fear
im feeling quite excited because i get to introduce you to my newest fabulous sponsor,joy
i feel irritated to have missed out direct instruction from master lee is never to be passed up casually i have to admit my body just feels like it needs the rest,anger
i should be feeling eager to leap into stash of fabric and make something,joy
i ended the episode feeling really pissed,anger
i feel free exhilarated,joy
i believe if you have happy and healthy relationships you are likely to feel much more energized and inspired which will be reflected in your overall health and appearance,joy
i cant help but feel suspicious of everything,fear
when i heard about the way a parent of a friend had mistreated him,anger
i saw nothing on the dining room table had moved i think im starting to feel its safe to come out again,joy
i cant stop talking even though im already feel weird uncomfortable feeling swarming me but still my mouth keeps saying unnecessary word,fear
i feel really fucked up still,anger
i hate the moment when i completely feel perfect with people around me whom i love the most suddenly disappear,joy
i feel eager and anxious and antsy in regards to it,joy
im feeling inspired by all the summery elements of my favorite past time beach bummin,joy
i got this amazing news from tracy today the final covers only chapters no wonder we were feeling so rushed and it seemed we didnt have enough time,anger
i know it s weird to see me call something review i feel weird saying it myself but i digress,fear
i feel nervous but hes in control pretty soon,fear
i learned the hard way and after being here for about three hours you ll feel like you ve been here for months from all the friendly people you ll stop and talk to,joy
i feel uncomfortable depending on my partner to meet my needs,fear
i feel like its become socially acceptable to allow traditional views to be threw under the bus without a fight because youll offend someone if you stand up,joy
i feel terribly unkind to say it span style font size,anger
i feel the eyes of many turn away disgusted by the self indulgence the audacity of a british woman to admit this point of failure,anger
in sweden,fear
i feel like a person who tortured somebody because i like to see the fans confused and embarrassed at the same time,fear
i am months into the medication and i feel fantastic,joy
i was feeling mad,anger
i feel more energetic and motivated,joy
i do not feel that i could ever harm an innocent girl in such a way never have i imagined such dire consequences for not doing so,joy
i was sleep was vey irritable and feeling paranoid because i work the oncology dpt of a hospital and feeling paranoiud cancer and through chemo,fear
i feel like the earthquake has also shaken the foundations of my life and work,fear
i feel that now i am a lot less irritable than i was before,anger
i have been sneakily listen to x mas music since the beginning of october but now i feel as if it is a little more socially acceptable to prance around while eartha kitt s version of santa baby blares from my ipod,joy
i sat in the dark of my room for a few minutes trying to figure out if i should feel offended or whether i should heed the advice,anger
i also need to remember how bad overeating makes me feel not just the fullness but the hangover i get from food thats too rich or too sugary,joy
i feel like he was more important to me than i thought he was,joy
i feel hated and isolated but it doesn t hurt,anger
i miss time with my husband and not feeling rushed to get back home to relieve our caregiver,anger
i feel so complacent and start thinking that i am so smart,joy
im sorry i have a really bad cold and im feeling bitchy cos i never got to go out drinking myself stupid with my best friends tonight,anger
i finally found this afternoon and i wear it feeling like a vicious lurker,anger
i dont want to make a bad impression with my new co workers in both my job or my lab simply because i just feel so insecure and agitated all the time,fear
i have a strange feeling that this is going to turn out quite ok and soon enough the ladies pictured above will probably be begging me to brew more of this stuff,joy
i had been feeling suspicious all day,fear
i feel that entertainers as talented as williams become part of our lives,joy
i didnt know whether or not to feel flattered or some sort of disgusted,anger
i read the sentinel article on hanford city councilman dan chins proposed media policy and the secret committee meetings my feelings could be summed up in a single word alarmed,fear
i feel my children are in harms way i feel frightened,fear
i didnt want aubrey to feel pressured or rushed into baptism but then i realized that she doesnt need to have a perfect knowledge in order to be baptized,fear
i invite him to send me an email detailing all the ways he feels that ive wronged him and i promise to post it unedited outside of names or what not in this blog,anger
im not feeling quite so adventurous i might just find a quiet spot to read,joy
i feel only jubilant elation,joy
i feel it s acceptable for me to put forth little effort in today s post,joy
i feel delighted to share it,joy
i am your friend then why do i sometime feel so insulted around you,anger
im under a lot of stress and feeling overwhelmed,fear
i love lots of different kinds of sports and love hanging out with my friends in my free time i also have an unhealthy up session with greys anatomy im feeling ecstatic about being in ty,joy
i was transferred to the operating bed i began to feel a little apprehensive,fear
i never actually felt the sense of suspense springer was obviously trying to build with references to religious programming in that there was nothing there in the book to build suspense with nothing i could see that made me feel uptight worried or anxious about any of the characters,fear
i look around at the people around me and i feel almost slightly envious about how they have a way of motivating themselves sitting down and studying so hard,anger
i feel bitter theofilou said of the lack of support to nods of agreement by kastrioti who waited for her turn to board,anger
i was lured into the idea of the event with the promise of free champagne you know me and a brilliant talk by bestselling author kathy lette but left feeling genuinely inspired and empowered,joy
i feel so comfortable around him,joy
i put up my christmas tree and im feeling fairly festive,joy
i tend to think that it kinda contributed to my medium intelligence and made me understand and feel things in a clever and sensible way in the visual arts field especially but i m always feeling that i m losing that more and more,joy
i feel like how i m pissed that i have to spend an entire extra year in school because of stupid biochem,anger
i also feel stubborn,anger
i really loved the day which made me feel such gratitude that we were having such a wonderful day which made me feel very happy,joy
i feel like im being taken advantage of and on top of that i am really bothered by my boyfriends sloppy behaviors,anger
i still feel it does the genre a disservice when stories are resolved artifically,joy
i feel like its at times like these when things seem a little more uncertain that i thank god more for the small things,fear
i men zhu said is snapbacks cheap i also feel here too dangerous at present for the sake of under the door of safety since see or leave this green lotus temple first wholesale obey snapback hats,anger
i like to buck the system and climb on my soapbox when i feel wronged or see others wronged but for the most part i am more comfortable with a society that accepts certain behaviors as moral truths,anger
i dont mean that id like to chicken out but i am feeling more insecure about myself and maybe doubting the fact that i should be able to run km tomorrow,fear
im awake as usual at am and lie there feeling reluctant until am when i get up and slink around in the dark getting dressed,fear
i think of who i have left to teach me about myself and i feel a little frightened at the thought that my family changes and moves away from some of the very things i need to know about in order to feel complete,fear
i don t want to feel dissatisfied i want to feel happy and fulfilled i don t want to feel i am lacking of something or nothing at all life would be so emptied,anger
i need to tell someone how i feel you are gorgeous,joy
i get this gut feeling or am i just being paranoid,fear
i need to remember something feel like it and not be distracted simultaneously before it happens,anger
i am currently feeling very aggravated,anger
i don t feel like i am dissatisfied because i don t have things i think i am dissatisfied because not much is changing in me and i still feel bad at times,anger
i am feeling very generous this month so i have decided to give away free my kit a href http dezinesamaze,joy
i feel like todays sweet treat would be something served at the north pole,joy
i have to admit i was feeling very skeptical,fear
i now feel less doubtful towards that person about his her sincerity in rebuilding our relationship,fear
i was feeling kind of rebellious and my post was a little on the,anger
i saw kyuhyun in the crowd today while i was strolling through apgujeong with hyunjin the woman breathed feeling every bit sceptical at her own words,fear
i think i have made it known how i feel about cold weather we are not friends i am ready for winter to be finished please please be finished,anger
im not feeling pissed off about picking up those toys,anger
i have to tell you that i feel insulted,anger
i will give proper praise to the amish for being punctual but feel that i should point out that they have never had to finish a game or tv show before they rushed out the door,anger
ive had a few moments the past couple of days were i feel so restless like i need to be moving around constantly,fear
i lay reading by headlamp and feeling the tent shaken as if by a giant hand,fear
i didnt feel as obnoxious as before when i didnt feel like doing anything but sulk,anger
i have to admit to feeling pretty envious of the commuters there a south african summer has got to be a tad more reliable than a british one,anger
i feel this strange bonding with my bed and wardrode have been using both a little more than a decade,fear
i am feeling grouchy,anger
i feel content alive and motivated,joy
i do not feel reassured anxiety is on each side,joy
i have noticed my own increasing frustration with what i feel to be petty artificially created drama,anger
i feel that i have lived long enough i am leaving you with your worries in this sweet cesspool,joy
i feel impatient yet i am not fully sure what i am searching for,anger
i have been feeling grumpy for the past few days and i just dont feel like being my upbeat self here on my blog,anger
im feeling agitated today,fear
i always feel a little shy in those situations and then nervous that my shyness is making me seem aloof,fear
i am too fragile to feel too vulnerable of pain and too easy for tears,fear
i might be afraid to leave the house to nurse in public to commit to a social engagement or to wear anything that makes me look worse than i already feel so in honor of fearless friday i invite our newbie mom readers to do something that scares them,joy
i wasnt feeling casual much,joy
i feel like a total bitchy person today yay,anger
i didn t feel alarmed at all,fear
i still feel fine but i can tell i am getting weaker,joy
i was feeling irate and extremely uncomfortable,anger
i am feeling overwhelmed by god s grace,fear
i do at times feel a bit strange with my mom ushering her about as though shes her traumatic brain injury is really doing a toll on her mental and physical capacities,fear
i feel anyway never afraid of the sea but a healthy respect for the ocean and a sense of harmony and balance,fear
i get depressed when i feel that i am not talented enough that i can never create a beautiful piece of art,joy
i understand that students must pass the mcas and fulfill other tasks but as idealized in freedom writers students will respond better learn and understand faster if they feel respected and valued and if they are excited about their education,joy
i feel fairly calm,joy
i know that feeling for sure,joy
i was feeling a little annoyed at some people,anger
i got a bit caught up in the moment and forgot that at the core of the rude comments and silly songs were the real feelings of a beloved and brilliant comic actor and a very sweet and big hearted young woman,joy
i feel this strange shift between us the heat between us intensifying and i get excited my nerves bubbling up inside me,fear
i just feel like its rude,anger
i have this crush on my bus mate and i feel strange about it because i used to despise him,fear
i have no idea why this particular region seems to lack a visibly necessary outer carniola as well and i feel actually somewhat bothered by this possible evidence of lack of suburban spirit,anger
no response,anger
im feeling a bit uncertain about the whole poem i think that will remain,fear
i can genuinely say from the bottom of my heart that i feel absolutely thankful,joy
i should feel like there is much to do sure because there is but not so much that im overwhelmed unhappy and not enjoying my time with my family,joy
i should feel bothered that she was spying but i wasn t,anger
i decided to try the zipline in picnic grove since we are feeling a bit of adventurous that day,joy
i feel so special when im wearing this front,joy
im going to putter on the computer till i feel less violent and down,anger
i just want to show them that i can take care of myself and i feel wronged by staying with them,anger
i feel that im not talented in baking,joy
i think sometimes feelings of obligation duty and expectation get in the way of trusting our intuition to guide us in the actual right direction,joy
i feel that some violent natures are generic,anger
i feel very honored to be on the shortlist and congratulate wish all nominees the very best for tonights awards thank you age scotland for the kindness div class intro style background color fff color font family trebuchet ms helvetica bitstream vera sans sans serif font size,joy
i drove away from today feeling overwhelmed with news that i have heard a trillion times and news that my heart knows already,fear
i won t feel so shy and ashamed about it,fear
i feel like it was a bit rushed,anger
i feel stressed frequently,anger
i feel an inner conflict between my sense of duty and my desire to play i hadn t entertained thoughts of sex,joy
i feel more useful,joy
i feel the most peaceful and at my best when i m in nature,joy
i feel so resentful and hateful and downright furious about this,anger
i begin to feel complacent with my life here,joy
i reached down to feel what that strange sensation was and i felt something there,fear
i feel like i have been rather unkind to it,anger
i do my best but it feels uncomfortable,fear
i feel very complacent with my experiences here in this program even if i sometimes find the concepts we ve done to be big drags there s still no room for scrutiny,joy
i start feeling overwhelmed and i just want to run away and hide in the back of my closet,fear
i go to bed feeling very distraught otherwise,fear
i really don t feel all that bothered by the north london derby,anger
i know i dont live in new york anymore but i feel so outraged that this could happen in my city,anger
i may feel uncomfortable or just want to give up,fear
watching a violent movie,anger
i think it is possible maybe i am denying it maybe i am not opening myself up to the whole possibility maybe it is only just now i have realised that it is possible to give a man men that power over me to make me feel shaken in my leather sandals,fear
i feel like i get more and more frantic with no clue which way to turn what direction my life is going or if i should even care,fear
i feel hated i feel like i dont belong and more and more i feel that i want to die,anger
i feel so envious and proud of you at the same time if it is at all possible to feel that way,anger
i wont do it anymore i wont allow myself to be stressed and feeling rushed and like its all a race to be better and one up,anger
i would feel like a hypocrite supporting palin for any of those reasons,joy
i feel really petty at the moment because i am extremely angry because im broke at the moment and it sort of pisses me off,anger
i am left feeling like the greedy bastard and i hate it,anger
i had coped for barely twenty four hours before i was feeling wrung out and distraught,fear
i was feeling shaken walking along the streets and less able to concentrate on not having an accident while simultaneously worrying about having one due to not concentrating,fear
i just feel like being sarcastic and mean and all because history paper is overrrrrrrrrrrr,anger
i don t a feel like an idiot and b not get illogically mad at people for going to bed too early sorry for the anger family,anger
im feeling very uptight right now,fear
i would feel resentful toward patrick because i couldnt read avery her nightly books with just her and me,anger
i have nothing but respect for not only jerry sloan but the utah jazz as a whole i feel wronged that we were forced to stomach this series,anger
i feel really greedy saying that,anger
i couldn t hear the whir of its motor or feel the stir of cool air,joy
i guess i sort of believe him but deep down i just feel unsure about the unknown,fear
i feel like we tortured him that whole time,fear
i probably love a handful of friends too but i always feel a bit strange when describing this as love,fear
i try to speak up stand up for myself or simply try to insert myself into a conversation i feel selfish like an attention whore,anger
i feel honoured to wear this one,joy
i feel that tenure protects a lot of teachers that r innocent,joy
i ignored her minor tantrum and jumped down from the table beginning to pace again and feeling agitated,fear
i feel like garbage i am wonderful though i feel weak i am strong though i feel like a failure i succeed and though i feel unworthy i will live out my dream it ends and begins now,joy
i am so desperate to save her that i feel i will do anything yet i was so skeptical to consider chemo as i was told by her radiation oncologist initally as well as the internist that nasal sarcoma is not chemo sensitive,fear
i stopped feeling bitter and sorry for myself and lost myself in the work my work started getting better or rather continued to get better,anger
i feel like im the bitter old lady who has had such a long life and just cant deal with it anymore,anger
i feel yet you are so heartless and go for the men that will break your heart,anger
the time when my sister had her first baby i was so happy and joyous because she stayed for two days after marriage before she had a child,joy
i feel a bit jealous because i been trying to date him long time ago but he doesnt want me,anger
i thought wed escaped the interminable bouts of bods in dressing gowns feeling each others lapels we now have the charming spectacle as i type of a guy in a tight fitting deep blue combo trying to for all intents and purposes take another guy in red from behind,joy
im not sure why i always feel reluctant to write nutrition health posts but i decided that those days are over,fear
i think this is a valid complaint for those who arent willing to deal with it this aspect i imagine will be rather subjective but it makes sure that the cover based moments still feel dangerous despite being in cover,anger
i find it hard to feel jolly when throngs of people around me are so lost in the fervor of getting stuff that they cant see their heart for the green in their wallet encouraged by the constant barrage and pressure from every angle to shop here and buy more,joy
i am known for letting things go when im not feeling good,joy
im feeling much more positive about the impending move,joy
i only have a couple of things left to make and at the start of december i am done and feeling smug,joy
i feel a lot of positive intention behind it,joy
i don t just mean that the sensations we experience influence our moods i m not simply pointing out that say discomfort in our bodies makes us feel irritable,anger
i was feeling a bit rushed and the kitchen has just been cleaned so i mixed up in the blender which i find works just as well provided your butter is really cold and you dont over do the pulse,anger
i am hoping the weatherman is right with his forecast of stay at home dont venture out rain for tomorrow i am feeling all kind of creative,joy
i hope that one day they feel as strong and optimist as i do right now in my life,joy
i feel irritated and rejected without anyone doing anything or saying anything,anger
im feeling a bit apprehensive but excited as well,fear
i feel invigorated as i am one,joy
i have to admit that i feel a little irate as well but its under control,anger
i currently feel like crap but have to at least show my face at work lest they get suspicious at my ringing in sick the day after my holidays,fear
i imagine ill eventually migrate to the middle but even alone that feels greedy to me,anger
i wish i knew how he was really feeling aside from reading the nervous twitches,fear
i feel so impatient so easily annoyed so outraged by the blatant defiance that seems to be olivias most prominent characteristic these days,anger
i feel insecure around people who i marvel at people who humble me,fear
i will be able to lay on my bed in the dark and not feel terrified at least for a while,fear
i feel so annoyed,anger
i love that its adoption of a teenager which many people feel afraid to consider,fear
i just feel like if i don t suffer to produce something then it s not worthwhile,joy
i was feeling strong and ready,joy
im with her i feel terrific,joy
i feel overwhelmed stressed and pressured inside something magical happens when i take off my shoes and go for a walk in the park or on the beach,fear
i forgot to take my meds this morning and i am predictably feeling irritable but less predictably i have been sitting here all day thinking ima kill a bitch if i dont get my hands on a chocolate cupcake,anger
i admit i walked into third wave cafe feeling a little apprehensive but what appeared to be a run of the mill cafe turned out to be a restaurant with great personality and even greater food,fear
i didn t feel like she was shy so much as taking it all in as her mother has described her,fear
im feeling a bit stressed by the sheer numbers button pressing enthusiasts gathering around my bike,anger
ive vented and cried and now im a little more calm and feeling less hostile,anger
i can go from elated laughing to plunging back into my extreme misery at a simple exchange that it feels so dangerous now,anger
ive been feeling a bit paranoid like its really noticable that im off and that everyone can see that,fear
i don t care what sort of bs lifestyle you think you live everyone wants to fit in and feel accepted,joy
i didnt get a wink of sleep that night and continued feeling not so fabulous the next morning,joy
i said sir i feel from real time company experience that mba would be more valuable for my career than gate since most work now a days in it companies now is support based,joy
i am feeling adventurous and extra musical,joy
im getting is that since i feel that i accepted the mark of the beast when they shot me up and i thought they where going to kill me and i screamed so loud that i didnt want to die,joy
i suppose in some ways i should feel irritated that if she knew why didn t she do anything to help me with this lone cause i was feeling,anger
i feel talented sometimes,joy
i do not write in search of praise or recognition but it is an amazing feeling to be read and admired,joy
i feel pretty mellow so far about whatever healing wounding process may be getting underway,joy
i saw a few pianos that were either newer cheaper or larger but there was always something missing that made me feel uncertain about buying them,fear
i feel overwhelmed when i think of a country suffering,fear
i never realized just how awful my mother has been feeling about her lack of energy and independence until i had this operation and have been so wimpy and tired,fear
i feel honored to be with many wonderful artists and to display my work for the public to see,joy
i feel a tranquil and eloquent charm his praise array delights me thought of legard but he loved me not,joy
im feeling really annoyed today,anger
i have my lowest level class first which is definitely the most difficult to manage with the hotshot boys men then my best class very last period which leaves me feeling somewhat useful at the end of each day,joy
i might have a potential job on the line so i m feeling generous,joy
i am thinking about md who was there for me through my teen years offering guidance and support and making me feel special making me feel like i matter,joy
i started feeling doubtful so i just sat in my seat disappointed,fear
i feel hated by my parents,anger
i truly feel i am irate,anger
i feel fucked up on the inside,anger
i feel respected and i feel like i am worth something,joy
i am not working out the amount i would like to i feel like my lifestyle change has been successful so far,joy
i am quite a regular reader of your blog and each time i read an experience i feel the greatness and kindness of our beloved father sai,joy
i really shut myself off a lot at the end of my pregnancy when i was feeling even more irritable and anxious so maybe now i need to bounce back from that and get back to normal again,anger
ive had this urgent feeling to write to you and tell you how the files make me feel but have felt hesitant because of fear as to where it will lead me,fear
i got a feeling that the hateful talk in the work place wore thin and they kept her around only for what they absolutely needed her to cover,anger
i feel about him i never really told him too much guess i was scared but i havent got anything to loose now,fear
i am i cant help but feel skeptical about the whole thing,fear
i would feel terrified for them and enjoy this movie a little better,fear
i feel like i need cute pictures to share,joy
im just feeling strangely indecisive and also because i dont really believe that,fear
i would want to welcome into my home if i end up feeling my mommyhood threatened by my inability to breastfeed my baby,fear
i couldn t help but feel slightly intimidated,fear
i like that these type of assumptions because it makes me feels a bit more positive,joy
i have the feeling that im going to be stubborn about it,anger
im so excited but feeling kind of shy about it smile,fear
im taking advantage of feeling artistic incase it runs away again bell had her baby the other day yay,joy
i could feel myself getting that shaky feeling,fear
i want her to still feel appreciative of things i do for her,joy
i feel grouchy or short tempered then the guilt kicks in,anger
i watched him run by i couldnt help but feel envious,anger
i feel more irritated than peaceful,anger
i feel tortured with tiredness everyday,fear
i feel like all women are witches in someway why do we have to be tortured for being beautiful and powerful,anger
im feeling artistic today,joy
i feel this strategy is worthwhile,joy
i feel like i have to redeem myself even though i think they realized why i was distraught and were ok with it,fear
im feeling rather hostile over the whole hostel situation,anger
i feel she was wronged,anger
i am feeling cranky or not cooperative i should be allowed to sleep or relax and if i am not given this opportunity it s not my fault if i body slam my bosses or harass museum visitors,anger
i was feeling pretty triumphant i had held a little conversation with the cashier and she didn t realize i was deaf,joy
i need to feel like my time is valuable,joy
i can t help myself from feeling a bit apprehensive in the meantime,fear
im feeling selfish right now because i want that time back,anger
i feel myself redden my manhood has been insulted and it demands satisfaction,anger
i take it easy even when i feel well kind of what stasia has been saying,joy
im feeling peaceful and im happy that i dont have to do anymore scabi im in verona my final week,joy
i feel they are the last of the tortured fandoms remaining save saints football fans but thats the wrong sport,anger
i feel so happily rebellious,anger
i was a child this song makes me smile because i was brought up the mediterranean because you only love the sea when you feel it in your bones when it makes you frightened and when it surprise you every day somehow so many ways,fear
ive been feeling very very restless,fear
i feel like a bitchy selfish idiot,anger
when my mothers heart nearly stopped,fear
i wanna tell you how i feel but im scared,fear
im feeling stressed retail therapy is the way,anger
i feel you getting frantic close and just before you do you pull out and turn me around surprised i move easily for you,fear
im not joking we had the feeling they were either extremely friendly or they hadnt seen a westerner before,joy
i have always loved my jobs and loved to work and i truly feel like being back there with my patients and co workers will do me a lot of good even if it is only for a few weeks,joy
i came away from the experience feeling rather confused and it left a sour taste in my mouth,fear
i feel satisfied and not necessarily just forget the pain that she felt,joy
i landed at the reagan airport feeling pretty good,joy
i feel tortured by this thought but it feels so true,fear
i left the property feeling insulted and found myself minutes later on main street an unsuspecting victim of some unknown enemy s next attack,anger
i was so nervous all i remember is my heart beating loudly and feeling insecure as others watched me from off stage,fear
i want to come out about it but i feel so reluctant for some reason,fear
i am no longer red it feels weird,fear
i think maybe about how strongly she feels about him and being there for him but brad looks really distracted,anger
i feel like i m in some weird limbo between childhood and adulthood,fear
i feel your soul in mine calling for our beloved,joy
i feel confused after that,fear
i feel i am really a cute pirate girl than the somewhat cute landlubber man that i sort of am,joy
i feel like ive become more relaxed as a parent,joy
i feel as though at least in the range of age being doubtful or not believing in religion is not so uncommon while my mother who was born in sees being an atheist means you cannot be a moral person,fear
i feel content sending packet after packet out into the world,joy
ive also discovered that because i feel less agitated by caffeine and cravings this coping method is unnecessary huge,fear
im feeling a bit neurotic that ill lose my job,fear
i says pressing his torso against siwons and bringing their faces close enough that he can feel siwons agitated breath,anger
i feel have been convinced by many factors in our culture of a kind of cooking mystique,joy
i can imagine someone feeling jealous lonely or scared,anger
i feel angered and firey,anger
i feel privileged to belong to you,joy
ill take my gfathers ute down to get a load of shit or as some would prefer manure but im feeling hostile so let me have it and will attempt a version of a home made compost,anger
i lost my special mind but don t worry i m still sane i just wanted you to feel what i felt while reading this book i don t know how many times it was said that sam was special but i can guarantee you it was many more times than what i used in that paragraph did i tell you she was special,joy
i had the feeling stubborn and ridiculous and possibly several more colourful turns of phrase as the children were all still asleep were on the tip of her tongue but she settled for heaving a sigh and turning to leave,anger
i sometimes feel shy about my musical taste because some of it wanders towards what some might call techno slander,fear
i feel an angel steal me from the greedy jaws of death and chance and pull me in with steady hands theyve given me a second chance the artist in the ambulance can we pick you off the ground more than flashing lights and sound,anger
i was already packed didn t want to wait around for her to talk to her friend was feeling irritable tired and eventually gave up on trying to go in the first place made me feel more down about my situation,anger
i still feel like the admission that i don t like this popular show puts me in a category with people who kick puppies or people who or who steal the ratty clothes off the backs of dickensian orphans,joy
i just couldnt shake the feeling that he is being left out somehow and i sort of hated that i had done this to him,anger
no description,anger
i feel like being distracted,anger
i feel blessed to have had years with him and i am thankful for all i learned from him,joy
im feeling enraged at another persons actions i have to consider what i was thinking about in the moments prior to the incident,anger
i am all about empowering women i truly feel that they are the more intelligent sex but what is enough,joy
i male are stupid first for woman cry babies and should get over it and you feel really cool for putting the stupid men in their place,joy
i am not sure what would make me feel content if anything,joy
i even mentioned him was to show i want to trust you with my feelings hoping you would not think i was being rude mean coercive or pushy,anger
im there i simply feel contented,joy
i feel terrified because even if i have the time to write out how i feel about mr,fear
i don t discuss even my feelings for beloved with anyone,joy
i am so feeling so rich and yup i know i am so blessed,joy
i am feeling a bit restless these days,fear
i feel so fucking rebellious all the rules and its so regimented like if class starts at theyre taking roll at,anger
i do not know these people since they are not a resident of this room and for them to treat me in such a way that i feel angered,anger
im not feeling insecure this month im feeling full of oomph,fear
i feel your innocent love,joy
i just really need the money right now and i feel like some greedy nasty aunt for not wanting to hand everything over,anger
i asked that no one gift me but if i go to my sister s house when everyone gathers for the holiday i will feel impolite to show up empty handed,anger
i get giddy over feeling elegant in a perfectly fitted pencil skirt,joy
i feel what the law states suggestions is optimistic and beneficial for employees specially all those who wish to rapidly through ramadan he or she said,joy
i guess im feeling a bit vulnerable and looking for some input tonight,fear
ive come to realize i need to stop runnin away from my fears gotta stop bein so confined and wanting to hide feeling the need to die and instead stic through this vicious hell like ride,anger
i was feeling extremely agitated after coming home from china,fear
i don t know what i want in my life at the moment and even though things are really good and stable in many ways i still don t feel content with it,joy
i feel as if her call was not a sincere apology,joy
i think i like how it feels more lively in the dorama,joy
i can but i feel massively uncomfortable doing it it consumes massive amounts of processing power and i associate it with some very bad situations ive been in recently,fear
i feel like this way i would be less bothered,anger
i feel less intimidated with her here to help,fear
i feel paranoid but atleast now i get some comfort with dd she is the only person that i can talk to and not feel lie total crap around she is the nicest kindest most caring person i have ever met and i dont think that i will ever find anyone as great as her in my life,fear
i feel that i annoy everyone much too much when im obnoxious and yeah,anger
i point these things out so as to make clear that i went into this film with the best intentions but left feeling irritated confused and wore out,anger
i feel shaken or angry that my husband keeps lying to me and is a sexaholic i often start to feel mad at god,fear
i feel about femme fatale except its not cute anymore now that its pretty obvious that britneys not in control of her life that shes so burnt out and yet i get the impression shes almost forced into this career to the point that she just cant or wont deliver anymore,joy
i meet in supermarkets banks dentists etc make me feel like im weird,fear
i couldn t help but feel personally insulted when oscar denounced the very idea as grotesque and unrealistic,anger
i feel myself being very indecisive about how i see my work life playing out,fear
i feel today i feel a little bit overwhelmed,fear
i wanted both but i feel greedy,anger
i am feeling like painting tonight and simply being creative,joy
i just feel so annoyed with the way our economic job market is set up,anger
i feel inspired to make some of the christmas presents im giving away,joy
i always feel very afraid as i work on books egan tells kurt,fear
i signed the petition and knowing that it will be served in the next few days has left me feeling vulnerable as i am unsure about his reaction,fear
im feeling particularly dangerous a chocolate cookie,anger
i feel fearful of being near them,fear
i know that i still feel kind of agitated but i also switch from feeling hot to feeling cold when i lay down,anger
i begin to have these doubts my stomach clenches my heart races and i feel fearful,fear
im pretty sure of is this feeling inside me of being terrified,fear
i cant blog if im feeling inspired and once i do blog i lose inspiration,joy
i has for this other woman she feels greedy and wants kairi all for herself,anger
i feel this is doubtful,fear
i picked up feeling a little apprehensive,fear
i feel so vulnerable and yet so protective over her,fear
i feel so damn complacent,joy
i guess the finality of my decision and the financial repercussions have me feeling doubtful,fear
i was feeling resentful and daydreaming about the various places i could tell him to shove those big girl panties,anger
i feel so strange with english right now,fear
i feel that things i learn in my course so useful right now,joy
i feel like a cranky old man saying this but so it goes,anger
i ever feel anymore is when one of us gets angry,anger
i have essentially at least in my mind solved these design problems i just don t fucking feel like working them out in all their iterations i just feel like i can t be bothered leave that shit to the junior designers,anger
i feel like i do for every one and the only one who does for me does it with an attitude and is aggravated to be asked,anger
i feel amused at the absurdity of it all,joy
i was at the cinema with my sister and her boyfriend a man sitting beside me started to stroke my leg for a while,fear
ive started to delve deep into myself and evaluate everything that has made me feel insecure or unworthy,fear
i feel the need to emphasize these things at the moment because of how grumpy i have been this last week,anger
i was way up ahead of raphael and laiya jennifer had stayed behind to watch our stuff since i was feeling particularly energetic and scampering up the mountain,joy
i know it was not pleasant for her and i feel selfish saying it but i think i would have fallen apart if i had been there,anger
i believe just imagining what it would be like to act live in front of an audience will make me feel joyful,joy
i had gone to the cumberland earlier that week so had met a few of n amp h friends prior to the weekend which was really lovely as since moving away i feel there are so many wonderful people i don t know,joy
im really feeling good,joy
i feel the reason were apart of each others lives is because im in his to help him become something to push him to succeed and be successful and happy,joy
im particularly feeling pressured to act and behave in ways that are culturally accepted and expected of me,fear
i guess im feeling generous today and so i have decided to offer a fabulous deal on of my most popular prints at the moment,joy
i feel so highly intimidated that i get flustered and cant form my words not even in english with her,fear
i am no expert in nutrition and diet planning i eat to feel strong and keep my energy level up,joy
i feel more relaxed now that i will get good care and that i need to accept advice given to me unless i feel very strongly otherwise,joy
i feel selfish and self indulgent,anger
i really feel amp dont be so uptight when expectations of others are met,fear
i feel like as a creative professional you need to have that unpressed creative outlet to get re inspired,joy
i write on my blog here that i want or i am going to do something i feel more pressured for want of a better word to do it,fear
i again feel like going out in a friendly and safe environment i am booking a flight to pe,joy
id call that feeling relaxed,joy
i feel the less successful pieces were my two front covers as the images i used here were taken from movie stills,joy
i was feeling pretty terrified full of nervous energy,fear
i was back home but feeling restless,fear
i can assume they are not feeling the cold like i am their water is not frozen they have plenty of feed though they eschew this in favor of foraging and scratch,anger
i shared with a trusted friend how i am feeling towards another respected friend,joy
i really like how the special edition really does feel special with songs on it,joy
i got s and really i feel like i hit the lottery i was scared itd be something like x and id be screwed,fear
i dont drink green charged water for a few days i feel irritable and disoriented,anger
i was feeling pretty well in mid october,joy
im not going to lie sometimes hearing myself say some of the things on my recordings makes me feel weird and insecure but just like the quote states above its a good thing,fear
i wanted that sacred experience to feel that divine communion with the god of my understanding i wanted to feel sublime love in sacred terms,joy
i cant shake the im hiding how i feel about myself beneath a fab jacket vibe and this style doesnt mesh well with most of the clothes i wear,joy
i feel like i am getting fucked,anger
i feel it is worthwhile to document it for people who are not familiar with batch files,joy
i know how old people feel when they have greedy family members who are trying to take their stuff before they even pass on,anger
i started to feel a lack of connection to my husband i m sure as a direct result of not spending much one on one time together,joy
i bet you are feeling really mad and hurt,anger
i feel i am shy and i am afraid of keeping my point of view,fear
im feeling a little uptight and pinched today,fear
i can remember when cammie was a couple of months old looking at her sweet innocent face and just sobbing thinking about her going to school the thought that someone would hurt her feelings be unkind to her be unfair to her the thought that a teacher might be mean to her or not love her,anger
i bet almost each of us though once in their life ever had this kind of feeling called jealous,anger
i was taken by sentimental feelings for the characters and distressed by their destinies,fear
i have played a great set i feel really hesitant to ask,fear
ive planned and there are still days when i feel stressed to the point of tears and helpless but the good far outweighs the bad and i can honestly say that im happy in this moment,anger
i will remember you as someone who i could feel so comfortable around,joy
i feel a little bit more vital,joy
i meet men who feel insecure about women,fear
i was feeling quite mellow and i wanted a soft easy look to wear with my beginning of a cold,joy
i still feel a bit overwhelmed,fear
i stopped feeling mad that the machine stole my money and chose instead to feel grateful that i have clothes to wash in the first place,anger
i felt sad and apprehensive and angry that i d had vertigo and that it had left me feeling uncertain,fear
i take a look as i try to get used to the feeling of his touch innocent as it is,joy
i feel theyre very cute and useful,joy
i remember the day i was on the phone with my be fri shannon telling her how i cried because i was feeling truly happy again,joy
i need to reflect on why i feel irritated,anger
i am feeling a little uncertain about my skills in the birthday party arena,fear
i feel tortured and tragic enough as it is without having any importance or sparkle,anger
i feel quite fearful about her future other times i wonder how this happened to her or even if i did something to cause abbigail to have apraxia,fear
i play it i have more different feelings around a cold grim back drop,anger
i feel more like the manager everyday and i feel more respected by the day as well,joy
i feel lucky that there is this wonderful cheap cozy cafe in my neighborhood that serves this incredible mexican hot chocolate,joy
i feel really honored that i could experience the brazilian public healthcare system from the inside,joy
i feel like i should be more bothered by this topic but for some reason im sor,anger
i should feel complimented or insulted,anger
i feel like people like this arent getting caught therefore the government plays it up when they catch criminals of petty crimes to make themselves look better,anger
i miss the way he made me feel im at a point now where ive accepted that he betrayed me and i can never go back to him,joy
i went up to the teacher and said im gonna step outside for a second im really not feeling too well,joy
i came to review however im not entirely sure what it is that leaves me feeling somewhat dissatisfied and a bit brassed off that more didnt happen,anger
i just wanted the world to feel strange to me again,fear
i found myself feeling so angry,anger
i could feel the frantic need in him the need to make me his,fear
i need to listen to a song where i can be angry and feel accepted at the same time,joy
i was taunted by the ability of feeling threatened from weakness of frailty beneath this exterior of human existance lies a woman wanting nothing but a man needing his warmth and masculinity,fear
im feeling aggravated listening to phoenix lost and found,anger
i just feel more resentful and tell myself it was better if i did not share with him,anger
i wish i didnt feel this afraid to talk to new people,fear
i watch hgtv and i feel like im not that talented,joy
i feel like any time anyone gets into the ring with him they are so intimidated by his arms and legs they dont even really try,fear
i think it affects me so much because it results back to one of my biggest flaws which is not feeling enough pretty enough smart enough you name it,joy
i cant believe the moment where i feel the most useful is when im washing the dishes,joy
i feel like my valuable college years are being wasted in daily routine,joy
i was insane not liking someone else to do all this but it made me feel less valuable b c i wasnt working and i also wasnt a housewife,joy
i just naturally feel like i m a better player,joy
i feel horribly insecure about it all,fear
i feel if you re learning about your purpose and the workings of this universe and continue to evolve and transcend you will be productive and such along the journey,joy
i feel outraged about this type of thing,anger
i feel so cranky irrationally,anger
i mean geez cara was raised not to feel compassion she had all love and feeling tortured and beaten from her at a very young age thats how the mord sith work,anger
im not enjoying winter hate feeling cold and having to dress in so many layers,anger
i spent a lot of my childhood feeling completely frightened of her but i remember a lot of good things too,fear
i love the smell it makes me feel invigorated and fresh and happy,joy
i do find myself feeling distraught about getting older and stressed about the impending responsibilities that are to ensue i am generally content with only a little bit of repressed anger that makes it s appearance only when it s instigated,fear
i can see the shallow of many lives and if i try to give love or atention to that person then i can see the distance and the confusion looks to me that people stop trusting others and feel insulted or misstreated by affeccion,anger
im watching a movie called sharknado i feel like my intelligence is being insulted,anger
i feel like it s going to be something shockingly amazing,joy
i am feeling quite smug,joy
i clench to the corners of the bed to feel assured,joy
i am feeling a little skeptical today,fear
i didnt smoke in the house or car but i can remember feeling so agitated on the way home from anywhere,anger
i would imagine someone to have achieved much more yet i feel no desire to reach out towards the greedy hands and caretakers and give them my sand from the hourglass of mine,anger
i do i really do think i have some justification for feeling smug,joy
i really have gotten to a place where if i go for more than a day or two without writing i begin to feel very anxious very displaced,fear
i feel scared and stupid,fear
i feel more in control and less frightened about my headaches and migraine attacks excellent service,fear
i am sitting here typing this and wondering where i belong feeling distracted feeling comfortable feeling misunderstood and hurt,anger
i was planning to make cookies this evening but i am not feeling so good so i will do this tomorrow,joy
i still feel its a little shaky at times and can move into the slightly odd jades hair in particular seems prone to this but generally it works well with spencers writing,fear
im feeling strong healthy motivated and just overall positive about everything,joy
i will tell you honestly that children generally can be very trying for me but when it comes to being a support to help them overcome circumstances and rise above it i feel my experience in that field is valuable and beneficial,joy
i do that he can t stand feeling threatened and looking over his shoulder,fear
i feel fabulous about it,joy
im feeling a tad rebellious right now,anger
i wear it i feel anxious visable spotlighted different unfashionable stupid embarrassed ashamed and paranoid,fear
i feel like they hated me since then,anger
i feel like im the mad hatter rather than alice,anger
i doubles victory over brown struff we went back on sunday feeling really optimistic and looking forward to another day filled with more fedtastic tennis,joy
i feel glad to have mu tou cause only him can tolerate me and give in to me and massage my leg when its cramp up,joy
i have a bunch of ideas but at the same time i feel intimidated because i am just a freshman and apparently know nothing about anything,fear
i truly feel what you all contribute to the blog world especially with regard to educating writers is so valuable,joy
i went into that feeling more than a little bit scared as my running training to date had been almost non existent,fear
i honestly feel a bit pressured she just made a post on a photo stating she wanted to have giant beers soon and i dont even know what to say,fear
i feel like i am despised,anger
i left the talk feeling nervous that we had taken the brief in the wrong sense but we were in a situation where we had already invested to much time into the project that there was no going back,fear
i feel amused and kind of tired still in the morning i,joy
ive been feeling a bit pressured because theres so little time left for two books,fear
i see lovers i feel envious i want someone to be there for me,anger
i really do feel for kids who are tortured in highschool,fear
i feel frightened or anxious,fear
i feel like a mouse among men perpetually terrified,fear
im kind of feeling nervous and anxious about all the shit i have to do today,fear
i was told to do it continues and the fact i feel fear frightened correction terrified of what is next,fear
i feel like a little kid whose mom is proud that they touched the soccer ball once during the game,joy
i guess being the good friend that he is he can not and will not allow me to go on with life feeling so distressed and confused,fear
i nearly called an ambulance feel a bit shaken up saw the doc who has given me some diazepam which im not sure of takeing,fear
im not feeling too keen on that,joy
i am feeling very anxious about going to therapy w,fear
i can remember feeling petrified,fear
i feel very relaxed and fine,joy
i was that i bombed that first interview i left the second interview feeling pretty fan freaking tastic,joy
im feeling so restless today,fear
i was left feeling a little shaken,fear
i also suspect that like me those who feel like they want to die will be reluctant to share that information with anyone because it is so freaking scary,fear
i left the meeting feeling a little hesitant about the situation,fear
i feel like that s an acceptable favourite to have and yet nowhere can i see a terpene responsible for its flavour,joy
ill even come out of it as one of those people who can have a small piece of dark chocolate here and there and feel completely satisfied when its gone,joy
i began to feel a bit irritable and antsy,anger
i feel pretty jolly,joy
i don t know i ve not tried a new character yet the universe feels much more lively than it did when i began so i m hoping that s true for new characters as well,joy
i feel like i m so distracted by silly things like twitter that i can spend an entire evening with the kids and not actually hear a thing that they re saying,anger
i feel too bitchy to do something like that to my family because theyre going through the same shit i am,anger
i miss her so much every moment but now i feel like i miss her even more like she is as far away as she has ever been because i am so distracted,anger
i feel fucking terrific after,joy
i should just relax for now but it feels so distinctly strange for me,fear
i feel the most important thing is just someone makes you very comfortable thats all,joy
i feel little comes from my divine center,joy
i feel like an idiot for looking a bunch of keys that weren t there and i m getting frantic about nick not letting me in for forgetting my keys,fear
i refuse to let myself feel bitter about the small sacrifices we have to make,anger
i am feeling impatient in so many ways but i am equally aware that it is important to learn all i can while im in this season,anger
i feel violent and crazy and i feel myself slowly losing patience,anger
i look at your kids i feel jealous sure,anger
i like them because i feel working on these puzzles helps him improve his fine motor skills and teaches him how to follow a set of instructions in order to make something,joy
im supposed to be excited about my tattoo today but instead all im feeling is pissed off,anger
i can feel their afraid,fear
i began making dinner feeling good that i had succeeded in listening which resulted in a now cheerful husband,joy
i got a feel that the actors were very physically talented and skilled at presentational acting but had done little to no research into the backgrounds of their characters or that of wilder,joy
i vividly remember feeling so offended that she would even dream such a thing could be a choice,anger
i felt unfairly treated at an airport,anger
i ask you when folks park why do they feel it is smart to park with only or inches separating your car from the one in front or behind you,joy
i go back to that day however and hear jesus words the son of man has authority to forgive sins on earth i feel electrified and doubtful,fear
im feeling distracted and a little bit flighty,anger
i don t understand why musicians sometimes feel inhibited,fear
i feel so fucked up these days,anger
i feel like an impostor in my work as i smile and talk about behavior contracts positive reinforcement cognitive reframing physical activity and other means for diminishing dissolving or deferring the pain of reality,joy
ive been feeling like im on shaky quilting waters and have started questioning my work,fear
i hope she s feeling ok,joy
i feel like i ll never be as graceful an,joy
i feel like my dream is so selfish,anger
i do know the main reason i feel like i m losing myself unsure if i ll ever get those pieces back but i m not quite ready to talk about that just yet,fear
i am aware of a level of unrest and feeling uncertain and i will sit with it for now,fear
i feel furious about him not leaving,anger
i feel pretty tortured because i work a job and often the inspiration strikes while im at work,anger
i could have used for this blog post but this one perfectly describes the way i feel as well as give tribute to my,joy
i took a shower then headed to the bsc loop to meet allies for the trip to the club feeling very triumphant that i had helped in such a marvellous prank,joy
when i heard a rumour that the st year exam results were out i had fear that i might be one of the failures,fear
im feeling intimidated by my own achievements,fear
i get another call from a frantic junior for my file and i obviously refused ta help her and now im feeling like i was too rude i mean i jz went like yeah sorry i just dont do that,anger
im feeling a little apprehensive about this party,fear
i was feeling a little skeptical that it would arrive on time the situation was not improved by the fact that despite various perfect party setups seeking in ffxi nobody was bothering to set them up including me but duh im lazy,fear
i feel as though i am living on an island as i put the delicious moisturiser on a sample which is lasting a very very long time used twice a day and the rest of the products are so gentle yet cleansing and moisturising,joy
im feeling a bit greedy,anger
i climbed the hill feeling frustrated that id pretty much paced entirely wrong for this course and that a factor that has never ever hampered me had made such a dent in the day,anger
i feel petrified about his future,fear
im told by horsey people that they are a rare find so i feel quite lucky,joy
i felt like facebook was a catalyst for me to feel that way about myself and i started to see it as a bit of a hostile online community,anger
i feel so overwhelmed im nauseous,fear
id be less than honest on this blog if i didnt report that im feeling very petty right now,anger
i would like you to start with asking yourself these questions with you feel stressed,anger
i just feel like no one cares and no one can be bothered to make the effort and meet up,anger
i feel tortured so much,fear
i have the right to feel jealous naman to think na theres no us to begin with,anger
i am sure feeling nervous about potential air raids from the luftwaffe,fear
i kind of feel like i should be investing in a how to internet for dummies type book but im really not bothered by my status as an internet pariah,anger
i could almost feel it as the flames singed and tortured her frail delicate body leaving nothing behind but a foul smelling concoction of wood and burnt flesh,fear
i worked today on writing and making sure the rest of the house was as perfect as i could make it to feel our own peaceful sense of order pm linda writing always makes you feel better and accomplished too,joy
i want to stop taking it one day but also feel terrified that lots of feelings of anxiety panic will come flooding back,fear
i feel like ive got a handle on trusting my instincts,joy
i am beginning to feel that theres a good chance i might pass,joy
i am new to this so feels kind of strange but i will push through it,fear
i feel most passionate and artistic and settled into my craft,joy
i am feeling a little sarcastic today,anger
i feel glad i can still teach him at home myself,joy
i feel as if this opportunity to return to moz is gods gracious gracious way of giving me that heat desire despite my own self doubt and uncertainty in the past,joy
ive got all those books and i feel reluctant to sell them,fear
i feel my heart shaky all the time now,fear
i feel though its pretty dangerous to to apply one strategy to match,anger
i have a feeling my view isnt going to be very popular and thats fine,joy
i feel like i need to do something to change this vicious cycle of being good and letting cravings drive me to madness and binging,anger
i devote this blog to her and pray with her for peace in the world especially when we feel frightened by religious violence,fear
i am feeling more creative now and am able to think outside the box a bit and am going to attempt a more adventurous eating plan this week,joy
i think there s nobody there but when i reach there i feel suspicious,fear
i almost feel confused and out of character when i honestly say actually things are going pretty well,fear
i feel clearer more joyful and alive,joy
i feel so resentful at the sun for chasing me into the house most of the day,anger
i feel jealous on sumthg tat i thk of,anger
i am so relieved and excited and i feel confident again,joy
i was in a really good mood at work and was feeling playful,joy
i feel uncertain if the most of similar families can be reached the uncertainty does not preclude us from serving those we can in the meantime while discovering the ways to reach the others,fear
i do know how you feel if you re little apprehensive about offering your gold jewelry for your minimal more cash so i am gonna share what i found with regards to the process of selling gold jewellery for some revenue,fear
i can feel the cold wind,anger
i still feel innocent and small,joy
i feel i wear what i wear to show other girls at my school who are timid when it comes to fashion that you won t look weird if you walk around with your head held high,fear
i can feel the awkwardness and that weird kind of tension,fear
i am feeling shaky all day too,fear
i learned in month of us manage to find another company and feel much peaceful without a boss who drunk and yell to his staffs,joy
i could listen for hours without feeling either threatened or the slightest bit shocked,fear
im currently feeling cranky for silly reasons im now going to complain,anger
i was feeling very unsure as to whether or not i should continue to blog at all,fear
im also pretty close to just exiting out of the window because i feel like this makes me look freakishly neurotic,fear
i also know how good it feels to look back and see that i honored my word and that helps from the start,joy
i feel better now,joy
i feel like theyre perfect if youre too lazy to fix your hair,joy
i feel uncertain and uneasy,fear
i feel anxious as i usually do around this time of night,fear
i am feeling a little adventurous so i will try to see if we can spook our pretty lady,joy
i start i feel like i should reiterate a fact that im not sure ive made clear yet just because i post all these despondent incidents on mermaidhaire does not mean that i am sad like all the time,joy
i feel so blessed to have been able to help,joy
i feel resentful about being a giver,anger
i had just eaten a particularly dreadful railway burger and so was feeling irritated before i even read his remarks hence my suggestion that he was only a so called environment secretary,anger
i give probably to the degree that some might see as too much but if i feel taken advantage of or wronged in any sense i have absolutely no problem shutting it down and walking away,anger
i feel intimidated like i just want to turn around and head back into the safety of my yoga class or hop on the tried and trusty treadmill,fear
i feel disgusted embarrased and sad about how i handled the situation,anger
i feel a cold coming on or drink a little extra xango juice when i am stiff and sore,anger
i started to feel super emotional all the time which was so strange,joy
i didnt feel insulted though,anger
i have noticed improvement is in the gabapentin and last nights dose of zonisamide which left me feeling very relaxed,joy
im not being fair to xia by doing it this way if he feels frightened by the work i do it that his fault,fear
i still feel completely accepted,joy
i feel incredibly charmed that i have these people in my life and that i am at such an exciting amazing chapter of things,joy
i ask about his wife annulment case he feels so irritated and kept on telling me it is on the process,anger
i feel distressed music on my mind rewrite fma op,fear
i feel the corners of my mouth curl into a triumphant grin,joy
i don t know i feel confused,fear
i feel shy of sharing too much about it right now like its a delicate bird that hasnt taken flight,fear
i have a bad feeling that i am going to get very aggravated again tomorrow,anger
i am bloging again i am sitting here feeling content with my dogs amp cat etc and i know that how lucky we are the truth is we,joy
i feel very apprehensive to adopt labels and to even identify myself as queer it seems that im still quite unclear on that subject and it keeps me feeling separate from the queer community like joel,fear
i feel glad and proud myself i could answer some complicated questions that i can t ever been done before,joy
i lets me into his fucked up world and he usually does i feel fucked up too and honestly a little scared,anger
i barely seem to remember where i live in the middle of coming to terms with the likelihood that i would just be single for the rest of my life and feeling pretty content about that,joy
i feel i am completely dissatisfied with the whole world and all human characters are inconsistent,anger
i feel pretty weird about that considering what my friends and colleagues in nyc and new jersey are going through but it s just the reality,fear
i just wanted to apologize to you because i feel like a heartless bitch,anger
im feeling particularly benevolent today,joy
i feel like the thing that i call an artistic tendency in myself is really just laziness and narcissism justifying and strengthening each other,joy
i feel only a little agitated right now,anger
i find it very hard to feel relaxed for more than hours,joy
i feel ok lol,joy
i got inside it was so warm compared to the outside temp that my survivor man skills kicked in and i stripped down to my base layers to avoid feeling cold when i got back outside,anger
i feel anybody got angry to me in an awkward silence,anger
when i received the first year results as the first year had involved a lot of work and i was very pleased when i got the results,joy
i feel many petty people have judged me simply because i may be one,anger
id done that though it kind of did a on me and i found myself sympathizing with the demons as the church called them and feeling more disgusted with the people who were supposed to be trying to fight them off,anger
i am feeling brave and lucky kind of like my heart is breaking and im falling in love all at the same time,joy
i feel annoyed img class aligncenter size full wp image src http mrdanbaird,anger
i could just feel the joy rage coming at me for that one but i m glad you re feeling back at it and i m also glad we went to yoga tonight because sometimes you just need to know that you re better than your crossfit coach at side plank img src http s,joy
i feel really vulnerable with him i tell him too much im too honest and i hate it,fear
i feel a bit rude writing to an elderly gentleman to ask for gifts because i feel a bit greedy but what is christmas about if not mild greed,anger
im feeling cranky and horrible,anger
i feel like i was assaulted by a titanium hedgehog,fear
i found myself feeling inhibited and shushing her quite a lot,fear
i know a lot of people are whining that a first boot cant possibly be a favourite but you guys know how i feel about my beloved a href http winterpaysforsummer,joy
i feel like i have to be a perfect person because trust me i dont want to be perfect,joy
i find it hard to breathe and sometimes feel a little shaken up by the days events,fear
i am feeling really confident moving into tomorrow as it will be the same juice smoothie and raw vegan meal menu routine,joy
im deep in a budget spreadsheet i feel that im someplace where i dont do my most creative work,joy
i feel much better and without the help of ice,joy
im feeling overwhelmed by college with everything else that had happened this semester,fear
i am just so sick of feeling hated and lonely and dumb and unloved and forgotten,anger
i feel a little uptight because i have to really be conscious and careful about everything that happens,fear
i realized this weekend that i am feeling somewhat apprehensive about this surgery,fear
i feel really tranquil where i am right now,joy
i feel reluctant to join the class trip to beijing,fear
i find them downright amusing but other times i feel slugged in that vulnerable spot knowing that i ll never have a daughter,fear
i feel xs more indecisive,fear
i guess these expectations of me being so goddamn perfect have made me feel afraid to change,fear
i am feeling overwhelmed with excitement and anxiety as i prepare for my flight to florence in a few hours,fear
i feel very annoyed with this kind of people who comment and try to be so philosophy on their religion,anger
i feel like im back in my element and very pleased to be surrounded by adorable tiny garments,joy
i have been feeling so strange and frankly bad about how not sad i am,fear
i love this projector it is old it has an old smell to it not displeasing just old and slightly musty it is from the early s i feel like i am in my own little episode of mad men when we set it up to watch something on it,anger
i feel disgusted at him and at myself for having been with him and continuing to be something he wants in his life,anger
i always get questions about blocking in my classes and its a topic i feel pretty passionately about as a knitter and as a teacher,joy
i attempt to convince others of what they should think and how they truly feel i become a title resentful href http en,anger
ive been on a bike and this bike it feels kind of strange,fear
i am feeling stressed or overwhelmed i have come to rely on those who i have met here mostly from the so club,anger
i feel that youve got to be fearless as an artist because there have been times when i think im the only one who believes in me,joy
i always feel intimidated by other people especially when they always compare me to other people ever since i was young,fear
i lived her life without the feeling of acceptance she felt as though trouble and misery followed her everywhere she went and that everyone hated her because of it,anger
i feel tortured being a person because no one in the world even think im somebody i wish there will be somebody out there wishing is just a waste of time though i dream too for somebody but its just the same tortured,fear
i liked that ros is not intimidated by anna s wealth and that anna doesn t feel guilt or superior about her wealth and that she enjoys it,joy
i began to feel distressed and a feeling of sadness and a desire to kill myself,fear
i want to be someone that people can approach and feel accepted by and not judged because i do feel that people feel judged by me,joy
i feel like i m being tortured for government secrets i don t know anything,anger
i wont feel resentful or smothered or annoyed,anger
i do feel a little confused about my reproductive future do i want another baby deep down,fear
i have just had such a crappy week that i am still feeling all agitated and like the day wasn t what i wanted,fear
i can get to the bottom of this feeling and not just berate myself for feeling dissatisfied,anger
i feel honoured to become a journalist on his blog dedicated to this amazing song contest which is eurovision,joy
i feel outraged that my life is so easy so blessed,anger
i keep running up the hill and fitness wise feel fine but along with my foot my calves are starting to now hurt also as they begin to tire,joy
i love my job and know that the surgeries were doing are emergencies i always feel resentful especially when it is am and i was sleeping,anger
i was a bit more bouncier than usual i didnt feel as grouchy about everything as normal,anger
i feel frustrated when i have new music and new lyrics that clearly have nothing to do with each other,anger
i feel it is rude of me to ask,anger
i feel bitter and jealous,anger
i reached the halfway point of the climb and my arms were feeling good but god dam my right leg was tired,joy
i almost feel hated by everyone,anger
im feeling like a tortured teen i decided to pile on the neon which was the shizz in my day,fear
i didn t know it was possible to feel more terrified,fear
i am feeling doubtful that nutritional methods alone will solve the problems,fear
i feel hated but i don t care,anger
i feel so special that so many people prayed so hard for me,joy
im feeling quite agitated irritated amp annoyed,fear
i am feeling incredibly agitated today,fear
i feel really contented just listening to the song,joy
i feel i am kinda pissed off,anger
i was left feeling slightly intimidated and overwhelmed,fear
i instantly feel anxious that a police officer is going to pull me over,fear
i was in a car accident just me not the kids its left me feeling quite vulnerable,fear
i feel a mad connection with your body and this is how i decided to kick off side a,anger
i was feeling very stressed with all that i had to get accomplished in the little amount of time that i had,anger
i feel a bit shaken though,fear
i keep feeling like i m reaching him this last time i was so convinced that he was there that he was responding that he was listening to me but every time it just seems to all come crashing down again,joy
i met up with some friends to watch the hockey game and headed off to a local pub called pig and duke ate some parmesan truffle wings not sure how i feel about those and some prawn lollipops delicious but terrible name,joy
im feeling very angry kind of sad tired and bored today,anger
i feel glad to have my little blog to share with you the dangers i see on the path ahead,joy
i don t know why i am feeling so sarcastic tonight but christian seems to enjoy my banter and every time seth apologizes for my behavior christian tells him it s quite alright and locks eyes with me,anger
i feel very reluctant to have to walk through,fear
i just feel weird doing it but i want to make sure he feels loved in there,fear
i would still feel weird,fear
i know killing myself solves nothing but the hopelessness and sadness is destroying me slowly and i feel like being selfish might be a good choice,anger
i am just kind of left feeling insecure and uneasy in my own skin,fear
i feel super bad about it,joy
i feel superior because i actually know who their president is,joy
i am feeling hopeful and looking forward once again,joy
ive been feeling reluctant intermittent and lacklustre to pen my thoughts down,fear
i was feeling a little adventurous and ordered the seafood paella and lemonade and after the drink arrived i kicked myself as i should have ordered a glass of sangria,joy
i do i hold onto them i look into their eyes and breath them in and i feel immensely deeply thankful,joy
i feel like this vile thing brooding gnawing deeper in spirit,anger
im creature of feelings i evaluate life on my feelings dangerous,anger
i searched long and hard for a bad review telling me that i shouldnt buy into something i feel so apprehensive about but i only found that people loved and swore by f,fear
i feel i am beyond pissed off disappointed frustrated with myself,anger
ive heard it so many times already im already feeling skeptical of whatever they say,fear
i know that car enthusiasts are a bit tribal and youre all starting to feel suspicious about a car journalist whos turned to the dark side but dont worry i still prefer four wheels to two,fear
i was tossing and turning and feeling very anxious about the fact that i was not doing this work that i felt needed to be done,fear
i suppose i am a bit on occasion but now ive become this horrible annoying person and i feel so strange about it,fear
i hate that feeling when im about to do something then i get scared and almost turn around and walk away,fear
i only feel frightened and these are such small things,fear
i wasnt feeling mad at god or angry for him allowing this to happen to me i was just sad,anger
i feel like this could be a dangerous topic if anyone feels passionately about pianos but its been on my mind for a while and i thought it was worth discussing not because im going to paint my piano which i grew up with so please stop hyperventilating mom,anger
i probably couldn t go back to washington permanently once the baby is here at least not for a while although i have been torn for a while about whether i want to yes bleu i know how you feel about this but i m still not completely convinced,joy
ive been idling away this past year i realize im feeling more and more doubtful of my path,fear
i have to admit i am feeling a bit intimidated by the challenge of,fear
i am looking forward to it unless i feel out of place though i have been assured i will fit in,joy
i was feeling brave when i bought it and clearly when i was doing my makeup,joy
before an exam which i,fear
i just wanna say that the last three months i feel so happy about my blog,joy
i feel so hated and useless sometimes i even ask myself why havent i killed myself yet,anger
i am not a professional historian by any means so some may feel as if i left out important things or took them out of context,joy
ive been feeling restless in my career,fear
i should have been depressed but i was actually feeling inspired,joy
i feel irritable and unfulfilled if i dont paint for several days,anger
i feel like i should be hated and that everything that has happened to me is what i deserve,anger
i like about dating him is how outgoing he is which makes me feel more at ease because im somewhat shy,fear
i always loved the blue angels and i feel so privileged and proud to be a blue angel burmeister said,joy
i get one i feel like i need to either even things out by immediately giving one back or make things even less even by using a comeback as if i was just insulted,anger
i do feel like it is fine to have sex but you should be fully aware of what happen due to that action and know about different types of protection there is to prevent pregnancy,joy
i had been feeling slightly distressed and my pride was resisting me just waiting for the next peregrinos to walk past and help me out,fear
i can make and one that i feel i am called to make to my sweet jesus who sacrificed everything for me,joy
there was a cat on the street it had been run over and its head was open we passed beside it,anger
i feel pretty shy right now and i dont know why,fear
i would feel the speech is successful if its very uplifting and gives props to the graduating class,joy
i plodded through this taking far too long but feeling rather virtuous,joy
i went to the doctor a few days into feeling weird,fear
i cannot help but feel inspired and uplifted both by martinez himself and by his association with occupy wall street,joy
i just know i feel like i m on potentially shaky ground,fear
i feel like everywhere i look a piece of my sweet boy is missing,joy
i posted about feeling like a super mom because i managed to care for myself my children my fiance and my house for one day while working and on little sleep,joy
i am baffled hurt that i feel assaulted and unsafe,fear
i am learning is one of my default reactions when i feel threatened,fear
i feel that we are heading for an abyss that has been created by the greedy the too greedy and the far too greedy,anger
i was feeling very offended at the line of questioning and almost walked out but i stuck around for some reason,anger
i have turned that page i feel like there is no way of getting back my irresponcible years of carefree college,joy
i feel utterly disgusted that they would look at me in such a way but the thing continues,anger
i am feeling resentful because i am thinking to myself that she should trust me,anger
i feel like i should go to the supermarket and buy something totally delicious for dinner with the money my mother put in my account today,joy
i made this i felt some relief from the fear and anxiety but i started feeling pissed again with a whole new set of memories,anger
im standing by myself off near maxs crib watching the whole thing and feeling more terrified,fear
im feeling really shaken up today my stomach hurts ibleeditout i ran into some friends and kodi has been a complete brat,fear
i feel any team pretty dangerous in playoffs york left wing ruslan fedotenko notes said,anger
i feel as if these words are petty so i am telling you now that my actions are going to speak louder than my words ever will be able to,anger
i feel respected and such,joy
i didnt feel much maybe just a sting but i was terrified because i didnt know if it was going to hurt or not if there would be a problem and if he knew what he was doing really who does in this situation,fear
i am feeling thankful for warm sunshine crisp autumn air and bright fall colors,joy
i need you i need someone i need to be protected and feel safe i am small now i find myself in a season of no words,joy
i was feeling optimistic and actually ran the first couple miles at probably a pace,joy
i read her novels to make me feel relaxed,joy
i feel ive got my foot in the door of the fantastic world of walking and running the trails fells and mountains,joy
i set my mind to wanting a specific item needing it for a specific event or at a specific time i find ill end up spending more than i want to because i feel pressured by constraints,fear
i cannot help but feel outraged to recognize that essentially children in america have no rights at all,anger
i just feel so good inside when i see people walking away with their own handmade pieces of,joy
i can honestly say that every good thing in my life right now is crashing down and i feel too stubborn to ask for help,anger
im feeling pissed off about my aac or feeling kind of miserable and frustrated with life this whole week,anger
i hope mine goes well again because at the moment i m unfortunately feeling a bit resentful with the aftermath of the holidays,anger
i need nine hours but it s true and if i get less even seven hours which is supposed to be the norm and which some people consider a lot i feel grumpy unhappy and seriously unmotivated,anger
i am also in an exciting space i have to admit i am feeling curiously excitedly optimistic about the future,joy
i was thinking about how you all were watching general conference and i was feeling a bit jealous,anger
i also feel a little selfish when i get excited about hitting it off with our friends friends because it makes me feel victorious in our choices,anger
i express the gene of this dominant voice it feels rather wonderful as if i were really this writer this poet who was so carefree and crazy,joy
i feel fine e terminando com eight days a week um ano depois,joy
i feel pressured by a dumb feeling,fear
i know its only the beginning of and im already feeling fucked,anger
i feel nervous about trying something new during a lesson or if my horse shies at something,fear
i hasan the man who makes me feel shy retiring and modest it s not true that there s no english word for schadenfreude,fear
i feel really angry sometimes because for the love of god havent we been through enough,anger
i feel privileged to have narrated erik princes autobiography civilian warriors the inside story of blackwater and the unsung heroes of the war on terror which will be released this monday nov th,joy
i came away filled with admiration inspired by amy s friends feeling honoured to have been there to share a tiny part of their lives,joy
i was over tired and feeling irritable as a result,anger
i feel a bit dissatisfied with my current network,anger
i feel weird a href http bondmusings,fear
i feel uptight is it any wonder i dont know whats right,fear
i feel like our relationship revovles around sex and when we do he wants it to be really adventurous trying new things using toys etc ansi just find it exhausting trying to keep up,joy
i was able to help chai lifeline with your support and encouragement is a great feeling and i am so glad you were able to help me,joy
im exhausted in excruciating pain and feeling extremely hostile,anger
i went home all alone from a restaurant it was dark,fear
i ended up with a perfect studio and now when i walk into it i feel aggravated yes it is bizarre,anger
im sure this silly little blog is ridiculous but sometimes i just feel so aggravated,anger
i have finished reading i am feeling so insecure,fear
i like keeping a record of my life in written form and pictures and i feel like that is even more important now that i have baby,joy
im now feeling a little more resolved to get my shit done too,joy
i feel like im actually doing somewhat well with it and right now im getting my swing down,joy
i must have been feeling rich,joy
i was bitten by a dog,fear
during the last academic year ie just before the closure,fear
i begin to feel even more agitated as i realize that keith has detoured for a tourist stop in another small mountain village on the way to xela,anger
i feel despised and i dont deserve that,anger
im feeling stressed or having a bad day i take a walk or run,anger
i look at him and say nicely and friendly well im sorry you feel that way i do apologize to you this angered him more and he stormed out saying i dont need this shit not a good night overall but im off till friday thankfully,anger
i feel as though ive reached a point in my career where im highly respected there,joy
i like the person i have become because i feel so much more carefree and liberated but at the same time i dont recognize myself,joy
im feeling weird,fear
i don t feel superior to people who have made different choices or threatened by them,joy
i feel very successful in both my family and work life,joy
i can do to that would truly express the utter gratitude and thankfulness i feel for your sincere gesture and i am very grateful,joy
im feeling really hateful and disgruntled about my job but i sure hope i dont lose it for being late,anger
i feel more free to enjoy the possessions i do have like this rock or that book or these clothes,joy
i feeling confused with my life and want to know why my life,fear
i am feeling mad at him as he didnt reply got me very worried,anger
i feel that i want what i need and know that i just need to bleed in this fucked up world of my own,anger
i was already feeling pretty nervous about this prospect as i had a suitcase full of dvds of which we only watched one,fear
i was feeling over eager and hopped on to the tube to ride the eye of london,joy
i don t feel insulted because it doesn t sound insulting at all,anger
i am feeling irritable cranky often,anger
i had a feeling this little girl was going to arrive soon but i still felt very unsure of when it would actually happen,fear
i feel so friggin blessed with a wonderful career and family,joy
id be more use at that level which would make the job feel more worthwhile and the season is basically half as long,joy
i feel someone has been wronged when i feel i have been wronged or when i get riled up against an action i find offensive i unsheathe my sword and good lord you better look out,anger
i can t imagine that it is a newly developed tendency and the realization that i have made things so much harder on myself over the years leaves me feeling mad at myself,anger
i think i was feeling vulnerable due to the stress of having to buy a new sewing machine and printer,fear
the possibility of having failed the examination,fear
i remember feeling a little jealous and realized that our time together wasnt solely about me but that he has a larger network of social interactions all ready in progress before i got there,anger
i feel like a tree which is being shaken rudely from its comfortable ground,fear
ive been feeling so anxious and nauseous and tired but also so elated that some nights its all i can do to crawl into bed,fear
i feel like it gave me a lot of valuable information on ways i can improve my skin in the present and maintain and improve it in the future,joy
i would have taken more but something feels weird about going to a foreign country and taking pictures of places and things that most of the people probably consider commonplace,fear
i got to chat with rustie dean from my hometown moose jaw and everyone made me feel so welcomed and comfortable,joy
i was feeling angry and jealous and deceived,anger
i promised myself that i wont enter anymore giveaways because i feel greedy but i couldnt resist this one,anger
im sick of the fact that in the few and far between times i feel i can depend on someone because i am so stubborn and proud never want t but sometimes it happens they let me down,anger
i no longer feel timid or insecure when i walked,fear
i feel like a heartless b tch for hating him so much,anger
i feel like i should care that im a bit heartless not to,anger
i now feel compromised and skeptical of the value of every unit of work i put in,fear
i look out on this scene i think about how cute it is and enjoy a swelling feeling of pride in the playful delight of my dog,joy
i began to feel less anxious,fear
i have been in my mm comfort zone for too long and i feel the need to get a bit more creative with my composition,joy
im feeling very hesitant about wanting to buy another house,fear
im not feeling joyful or spiritually fit,joy
i can write as many entries as humanly possible in one day and still feeling dissatisfied that i write everything i wanted to the fact that i complain all the time about being lonely,anger
i don t always remember to do this but when i m feeling bitchy and down on the world if i stop and take a moment to breathe and think about everything i m grateful for the joy seeps back,anger
i love taking in peoples smiles the way children giggle the gorgeous way little ones move closer to their moms if strangers smile at them and they feel scared the way teenagers are boisterous and full of life and hopes,fear
i already feel like im being tortured by not having any,fear
i hope to always remain grateful even when feeling a little unsure about my endeavors,fear
i walk in the door to my house i feel happy,joy
i may notice that you feel aggravated or joyful or whatever it is that youre feeling,anger
i keep coming back to it but it feels awfully selfish of me to feel this low this negative when there are so many in far worse positions than i,anger
i dont have minutes to post something but because i feel like theres nothing worthwhile to write or anything that would slightly appeal to anyone who might read this,joy
i love this because to me it should leave the reader feeling confused and slightly deceived,fear
i was impressed with how dunham portrayed hannahs whole experience from trying to deny that its happening to feeling offended when you feel like someone is trying to minimise the distress its causing you,anger
i really dont feel very sociable in that bar anymore,joy
i woke up feeling positive i was totally in the mood for doing this and this evening i feel the same i had a banana shake for breakfast a chocolate shake for dinner and a sunday roast for tea,joy
i hear you loud and clear that this is an important issue for you but in the grand scheme of things i cant help but feel that this is so petty,anger
i remember feeling the most terrified i had ever felt in my entire life and that its still affecting me now but ive never thought it accounted to trauma,fear
i was trying to determine why i feel so reluctant to actually post what ive written when i finally realized its because i cannot pass something off as a cute idea i had or as a response to something someone could be experiencing,fear
i do sometimes feel as if i am a little unsure of who i am and how independent i really am,fear
i had my hand on my beads consciously breathing consciously working to feel calm about my list of things to accomplish that afternoon,joy
i feel angry alone unwanted vexed irritable all the time,anger
im feeling so insecure financially right now that i dont want to spend the,fear
i feel i know myself well enough to know what i will or will not do can or can not do what can be tolerated or not,joy
i feel fucked tape last year make sure you get this,anger
i could follow every twitch of thought and swell of feeling quiver through his tortured expression,anger
im really excited for her birthday but feeling super nostalgic about it,joy
im gradually feeling a little irritated with how pacified all these people can be at present until i wish to just disappear and let them coordinate their own nonsense sometimes,anger
i feel excited about something that is soley for me here is the video about it,joy
i feel so selfish but i just want to keep my baby close for awhile and not let the rest of the world in unless i feel like it,anger
i could feel his sweet spirit and i was happy to be helping him,joy
i would feel fearful of being killed by other mistresses,fear
i feel helpless as her mother i should be able to take the pain away as a small child i could do this but she is a young adult now the same age i was when i had her and it hurts to see her in pain,fear
i feel angry im happy,anger
i want to enter in defiance but coming from a different culture i feel offended that i am not allowed,anger
i feel like garbage i cant think about being thankful right now it hurts too badly,joy
i usually feel suspicious and guilty about this considering how little i do during my work day,fear
i uploaded and put the link to in my previous post is only good for six more days or until i feel gracious enough to upload it again,joy
i feel more resolved and less like smoking my lungs today are obviously not very happy with me,joy
i have swung between feeling resentful that others need me to feeling ashamed and angry that i am not more with it and able to be a better daughter sister friend citizen,anger
ill write a bunch youll respond and then ill back off in part because i feel shy,fear
i feel offended used and disgusted,anger
i think you said beautiful things to them and i think you meant them you loved being with them i think you made them feel terrific,joy
i feel rushed trying to get everything together late at night,anger
i mean its a good level on its own terms but everything before it was so well thought out and executed that doing constant mirror puzzles and topping it off with a crap final boss battle made the last level feel rushed in comparison though the last boss is bad no matter what way you slice it,anger
i kinda did steal joshua s customer i feel amused,joy
i truly feel but its somehow not enough for me to hate him or to get mad,anger
i was overcome with heat and i started feeling very weird,fear
im feeling virtuous i do a spinach feta cranberry salad with balsamic viniagrette,joy
i think i am starting to feel jealous,anger
im feeling cranky im not going to lie,anger
i was stymied a little bit as i wrote feeling unsure that i might go somewhere with the story unintended,fear
i feel weird about my self this doesn t feel like me,fear
i will never forget that walk out of the doctor s office that afternoon feeling so determined not take for granted my health again,joy
i feel this distraught i am thankful that the weather is improving so much,fear
i feel resentful of him trying to control what i do but i also don t want to do anything rash,anger
i don t feel resentful i feel guilty,anger
i feel hesitant around it,fear
on a boat trip to denmark,joy
i am feeling like it might look just a little suspicious if i go home and dont meet with him,fear
i often feel resentful of anything that seems good,anger
i feel disgusted c kj rel bookmark class permalink nov middot,anger
i listen to it a feel peaceful and happy and who couldnt use a big dose of that in their lives,joy
i friends helping them to dress up and practise their thai introduction session while i sat there feeling helpless,fear
im feeling a bit apprehensive about it as i dont know if my little note cards will stand out from the mass of talent on etsy,fear
i learned in the foundry of my own childhood that humor made a perfect shield for keeping people at bay for helping me conceal my true feelings for lending the appearance of truth to all the lies i would tell about how happy i was and for providing me with the wherewithal to get through each day,joy
i needed to get all that out of my head and onto a screen where i can come and reread it later to see that while we have numerous blessings there are some challenges and that its okay for me to feel overwhelmed at times,fear
i punched out of work sunday sighed and the brunch trumpeter waldo carter said from behind i know exactly how you feel this startled me and i flinched,fear
ive had my ass handed to me by murt and im starting to feel fucked but just a little,anger
when i was attacked by a teenage boy and had my wallet stolen,fear
i feel the divine presence merge into mine,joy
i feel that i ve been very gracious in not freaking out about finances so if you saw it fit to smooth things over monetarily i wouldn t say no,joy
i want to say that i feel as though i dont play a really vital role in anyones life with the exception of one friend,joy
i feel assured that my mind is not one,joy
i feel very popular and also a little pressure to keep it up which is exactly what i need,joy
i specifically wanted tango was feeling shy and maks quite the opposite hard to get far enough away from him to get good pics lol,fear
i feel like i ve been put in a bag and shaken up but otherwise ok,fear
i look at myself and feel dissatisfied,anger
i wear this shirt i feel artistic you are artistic but now i look artistic yes son you do,joy
i break down and it leaves me feeling bitter,anger
i feel guilt from inaction and spend much of my time helping and supporting others,joy
im feeling in my heart to make my list of things that i am thankful for,joy
i find myself feeling irritable or depleted i run through a mental checklist have i worked out,anger
i had a feeling you were being sarcastic but ivspirit a href http translatethis,anger
i am working for but that work requires opportunity certain freedoms of expression and of movement and i may sound paranoid by saying this but i feel those freedoms threatened and more and more each day,fear
i feel distraught and devastated,fear
i swear it made me feel a lot better,joy
i personally feel to confront violent death with absolute openness for example on video which is not something i have managed to do yet,anger
i have a large parcel of time or am feeling reluctant to write i set our kitchen timer for minutes and write until the bell rings,fear
i am worried that you might feel pressured or obligated that wasnt my intention and i am sensitive to your situation,fear
i suppose thats wonderful because it means that they can learn so much so quickly and also make me feel like an idiot much the way i did to my parents when they couldnt figure out how to leave an outgoing message on the answering machine,joy
i was wondering why i was feeling so ecstatic,joy
id kick myself into gear but i just feel irritable with no motivation what so ever,anger
i feel impatient with the christian church disciples of christ and its many manifestations over the fact that i haven t yet gotten even the slightest whiff of a call,anger
i was feeling very festive i decided to paint my nails for the holiday events,joy
im moving back into vegitarianism and it feels delicious,joy
i have this nagging feeling that i fucked everything up on the first try,anger
i feel more truthful than usual these days,joy
i feel like in some ways im probably not putting myself in vulnerable positions enough and pushing the limits of it,fear
i feel contented small old rich tired and happy,joy
i refers of course though i cant help feeling somehow ironically in retrospect to loudons son with kate mcgarrigle the rather talented himself rufus wainwright,joy
i am feeling it and it s really ok,joy
i want to be able to get into it without feeling weird in a bathing suit,fear
ive been feeling restless inside and i dont understand why,fear
i came into this quarter feeling really invigorated and now because of work im back to where i was at the end of spring quarter not sleeping not eating well not taking care of myself not doing good work,joy
i feel rude about going to the bathroom when she s in there,anger
i should somehow feel hesitant about that,fear
ill admit to feeling a little paranoid and wondering about how many others had defriended me,fear
i have no doubt they would dial feeling threatened,fear
i could feel that the person was pissed at me because that person didnt understand what i was trying to say and so there was further personal attack again asking me whats my nationality giving me that shit face and blah blah,anger
i would watch him and feel frustrated he didn t realize that fifteen feet away was the ocean the freaking wave crashing covering the majority of the earth ocean,anger
is only friend made yuuki feel special,joy
i would have liked to go but that i wouldnt leave without reason because that would feel highly uncomfortable,fear
i dont call what i am feeling as nervous but more anxious,fear
i feel the self pressured expectation to keep up to date with our family events so in order to assuage the guilt here we go,fear
i feel style of charming creepy macabre drinks the fountain,joy
i have that spring fling feeling again and like a flower unfurling my artistic soul is ready for some sunshine,joy
i love that she doesnt always feel brave,joy
i feeling irritable,anger
im feeling so irritable about todays class,anger
im feeling awfully irritated and worried and for a few good reasons,anger
during lectures,joy
im feeling cute and flirty and bright coloured lipsticks are for when im feeling bold etc,joy
i have an interest in a relationship with the person long term and an end goal in mind little spats here and there in which i feel i have been wronged are really of rather little consequence in the grand scheme of things,anger
i feel especially vulnerable to being treated as a second class citizen,fear
i feel no matter how convinced i am that i am all alone on this life journey of mine i am not alone,joy
i feel content with it all,joy
i have a million untrieds to get through so ive decided to make a list and im using a random number generator when im feeling indecisive,fear
i am feeling very shaky today,fear
i do not feel like a child and yet i could see myself giving into that carefree way of lestat,joy
i hate feeling so indecisive about things because i keep my emotions under lock and key,fear
i feel invigorated by the,joy
im not dressed up and im already feeling sort of bah humbug today but i am really annoyed at a type today,anger
i felt low at this point with missing people i know and i love but feeling helpless to do it,fear
i was feeling joy happiness ecstasy triumph or love i felt contented somehow,joy
i did say she could but its just a bit annoying and it reminds me that im really unfit and that i have no determination and then i feel really poo and have even less determination so its all a bit of a vicious circle,anger
i feels acceptable even desirable,joy
i needed to feel rebellious,anger
i also hope you understand why i feel so angry with you when you dont support the hat rule or when you turn up at a school event sans hat yourself,anger
i had it in the bag because i was still feeling strong,joy
i feel like such a confused person lately sigh,fear
i feel like i should see it through to the bitter end so thats what im going to do,anger
i still did not really feel like myself and i kind of hated these pictures but i am soooo glad we took them,anger
i feel so honored to have been a part of this year,joy
i let my fingers stroke across his chest to his heart marveling at the feel of him terrified that this is a step too far,fear
i sent my boyfriend bobby when i was feeling particularly melodramatically helpless i miss having a home in the states and i miss my sweatshirt and i miss taco bell,fear
i love the way he talks sometimes i feel shy when i was inside him,fear
im feeling abit grouchy with kim,anger
i feel bitchy because i am hurting too,anger
i didnt feel threatened at all by the people like i would have for the first minutes walking in indonesia,fear
i inquire incheswhyinches are people relocating droves about what they feel is security in precious metal,joy
i found myself feeling shaky and dizzy while i exercised and a part of my weight loss could have been due to getting a throat infection,fear
i feel so ecstatic that i survived my comprehensive exams because i was never sure if i would survive not just pass but survive,joy
i feel as the author is very passionate about his poem because when he wrote his poem he wrote from his feeling and history,joy
i just cant help it from feeling so insecure,fear
i know i should just let the words flow like how they do when i blog but still i feel the pressure and that is making me unsure of my skills,fear
i am left feeling rather distressed and torn,fear
i really remember is feeling wonderful in the oatmeal bath,joy
i remember feeling annoyed but also wondering if i shouldn t stop and buy something,anger
i know how it feels to find someone who is irresistable and remain innocent,joy
i sit feeling generally satisfied and i lean on the bench and take a cigarette georges lit for me and he asks how do ya feel man,joy
i feel that popular bloggers dont post with freedom anymore there will always be part control rare exception is the blog love aesthetics,joy
i sometimes feel so vulnerable and so lost,fear
i think a lot of the fun there is in meeting the players expectation and making the player feel clever making it seem like they re not just clicking on an option you know,joy
i feel selfish at times for wanting an escape from my day to day as i feel like i should be thinking of the kids and taking them some where instead,anger
i just feel so helpless i know deke s going to die and i can t do a fuckin thing about it,fear
i feel really wonderful about myself and love the life i live,joy
i feel like a snow globe that has been all shaken up and i m still waiting for the dust to settle,fear
i was alone in a cottage i often stay in i was woken up by a rustling sound in the middle of the night,fear
i feel the love and i thank you for it pagetitle popular news abc news u,joy
i feel but i m trying to be stubborn and ignorant at the same time so that i can keep going,anger
i don t know what it feels like to be in love so i m starting to get scared that i don t actually love him,fear
i see those forms that i havent do yet i just feel very agitated,anger
i felt a bit bad about killing but it always feels like a chore that simply distracted from exploration,anger
in certain occasion i have a fight with my boyfriend during the fight i closed the door at his face he went away but came back next day,anger
i feel like i almost convinced myself this is going to be the pattern,joy
i feel fooled played and now relieved,joy
i feel when i just out from my dorm and began to breath a pleased liberty,joy
i did not feel frightened just frustrated that i wanted to go back to sleep but felt there were unfinished tasks i needed to attend to there wasn t other than to edit two articles on freud s dream of irma s injection which were near completion and have subsequently been posted on this blog,fear
i feel all festive sitting down with my address book and list christmas songs in the background and writing a personal message in each one congratulations on your exam results,joy
i just cant seem to hold myself back when it comes to feeling i wish i could be heartless if just to keep the pain away sigh whatever here i am being fucking emo all over my live journal,anger
i feel virtuous as ive already done more on it this week than i have for several months,joy
i feel afraid to write because there are so many thoughts that need to come out,fear
i was feeling all resentful that id been given such a boring assignment and,anger
i feel paranoid that every time i log onto facebook or attend church that im about to find out yet another friend is pregnant,fear
i start to feel agitated lacking in patience and just down right cranky,anger
i dont know what it is but i have been feeling less paranoid,fear
i did it i survived our very first big kid trauma though i still feel shaken by the whole event,fear
there was joy in me when i heard that i was to take a course as a medical assistant,joy
i feel like theyre being rude in the first place and as long as you arent snappy about it you have every right to ask him not to touch you,anger
i can think of to quit are not based on my own needs and wants but those of others scars make other people feel uncomfortable self injury makes friends feel like they aren t offering enough support cutting is something sad teenagers do,fear
i feel like this never get impatient around sharp objects as it will inevitably lead to tears,anger
i have lost touch with the things that i feel passionate about i am getting less spontaneous am living by lists urgh,joy
i know thats not true but thats how i feel i get scared,fear
i feeling so uncertain concerned afraid of this person circumstance environment change,fear
i am wishful of gaining a feeling of responsibility from the planning of this event as well as commitment,joy
im thinking that feeling extremely cold yesterday was more down to me brewing something than the actual weather,anger
i feel like the character precious,joy
i have learnt nothing else in the last two years it is that it s best to feel my way by trusting my instincts,joy
i was building with angie i m feeling profoundly betrayed and very angry,anger
im feeling that joy every day with some of the most gorgeous people ive ever met and hope this thanksgiving you felt the same,joy
i feel honoured and humbled cos hes a legend and one i still look up to,joy
i wrote it feels slightly strange starting to write this about cambodia as i sit in lax airport waiting to bi,fear
im feeling really annoyed,anger
i feel like no other day should be less valuable than another because of a certain event is going to happen,joy
i just feel strongly that i cannot condone violent methods to achieve a political goal,anger
i dont know where and when i can feel the thrill and im scared that im going to miss it,fear
i tend to avoid the news because i often feel like it doesn t add value to my life and only makes me fearful anxious and slightly paranoid,fear
i was feeling creative i see you alternate version of me,joy
i feel selfish bringing up our loneliness for a child when i know parents out in newtown are grieving their lost babies,anger
i feel as if it was a way of distracting me from my positive thoughts and i had to work really hard to switch my thoughts around today but i did it,joy
i may not be rich by material standards but i feel very rich because i am grateful for what i have,joy
i know at least one other person besides myself was feeling nervous and anxious about getting started,fear
i feel fearful,fear
i came out freaked on the brink of tears feeling angry confused ridiculous small,anger
i must say that the initial splash was not too bad but after a few strokes you could feel the cold getting into your bones,anger
i give you some tips on overcoming the feelings of being overwhelmed,fear
i would save it for the next time im feeling cranky or irritable then spray some lightly behind my ears,anger
i feel like it is worthwhile to support local artists and so does clay so i am fortunate in that sense,joy
i finished blogging i was feeling shaky and checked my level to see a,fear
i find this scent pretty generic i actually feel like bath amp bodyworks didnt invest much time in this collection like they created sweet on paris then decided to throw together two other predictable scents,joy
i always feel quite smart when wearing this,joy
i feel so uncertain about the decade ahead,fear
i can still feel my legs and they get so cold,anger
i get involved into a tale of good versus evil i want to feel afraid of the dark to a certain extent,fear
i just try not to talk to anyone when i feel irritable like that,anger
i did laps and now feel all virtuous,joy
i get a little gripped about timing i feel frantic in my thoughts,fear
i actually just feel really eager,joy
i didn t sleep well the night before and am not feeling half as brave as i was yesterday,joy
i remember feeling nervous that i wasnt progressing so i was so thrilled,fear
i feel really pissed off justanswer,anger
i quickly learned just by moving from sauna to ice cold bath to steam room to shower until you feel like a tortured goldilocks who wants nothing more than to find the middle ground between too hot and too cold,fear
i chose innocent worlds alphabet rose jsk for its longer length longer lengths on lolita dresses always feel more casual and innocent to me than knee length styles and it reminds me of jane austen,joy
im feeling selfish enough to start this lovely scarf for myself,anger
i do find myself feeling anxious seeing what everyone else is doing and feeling that i am not up to part with my peers and or i am stagnate,fear
i wasnt feeling too well,joy
i feel petty posting with my own complaints right now because its not like i was kidnapped when i was years old and forced to make easter creme eggs for the rest of my life,anger
i wish we could have a huge collective book club about it because i think these conversations are critical during a time when people are feeling increasingly fearful unsettled and disconnected,fear
i feel some super shifting some super circles,joy
i feel so petty who one of my first colleagues had not nice things to say about when i first asked for any contacts for investment banks from before i arrived at this job,anger
i feel any artist that puts forth a piece of work even ones i do not agree with should be respected even if it s just for the sake of them overcoming the shackles of our society s norms,joy
i feel weird this morning,fear
i also feel that the people in the village friendly and i do not need to be as alert as in manila though as the common sense rule still stays that is not to let your guard down,joy
i actually like having things clean but i like to have them messy first so i feel rebellious,anger
when i saw all the starving people in ethiopia on tv it felt awful to see such suffering,anger
i feel frightened in a kind of a raw way,fear
i feel so uptight around my family,fear
i just mean it in a logistics sort of way i feel like i cant take one more frantic non stop day,fear
i don t want people to feel offended by that request it could be viewed as too forward,anger
id feel better,joy
i hope i did not make you feel greedy o shit i hope i did not make you feel greedy or whore like sniiiiifff honey i was just trying to make you feel loved and happy,anger
i feel some of my projects are clever and useful enough i figured i would start sharing them on instructables so i wrote my first one this weekend,joy
i feel pretty officer krupke and somewhere,joy
i am not even italian but i feel outraged by the stupidity of ppl on this blog,anger
i feel welcomed cared for and ready to be pleased,joy
i feel assured that it was the right answer,joy
i remember feeling really terrified when i was in brazil on a bus that was going up steep mountain hills on the side of the mountain in the middle of a big storm wondering if we were going to fall off,fear
i remember me and my mum crying holding ourselves against a door while he tried to break it down and feeling terrified,fear
i feel as though you are determined to annoy me you know i dont want you listening to the radio,joy
i have found the perfect remedy for anyone feeling stressed or conflicted about the future its the a href http www,anger
i feel like i ve been distracted all day or i ve been dealing more with fiddly necessities than actual creative work then i ll feel like the day s been wasted,anger
i feel the skeptical looks and eye rolls when we say we need a bigger house after all we re dinks double income no kids which is prettymuch the most awesome acronym ever,fear
im feeling happy and well,joy
i was feeling so angry so upset that i just want to run away,anger
i keep waiting for some grand stroke of wisdom and peace to overcome me but all i feel is irritable and bewildered,anger
i have been feeling very stressed these days,anger
i have been with petronas for years i feel that petronas has performed well and made a huge profit,joy
i feel awfully blessed,joy
i would like to reduce the amount of jealousy i feel god commands us not to be jealous and i feel that every jew religious or not should obey that prohibition,anger
ive been feeling really energetic at night and honestly i needed this,joy
i dont know i feel all mellow and normal and good,joy
i must say that there were all familiar faces since i go to that church since but there was this feeling that i was shy and i just wanted to stay there with my friend and be clingy with her all through out the meeting,fear
i write now it feels like furious abandonment to embrace a cliche,anger
im feeling a bit suspicious,fear
i have a feeling that the smell is not going to be pleasant,joy
i came to the place on base because i wasnt feeling like i should wander too far afield but now i wish i had been more adventurous as i have heard wonderful things about those salons,joy
i feel greedy part comes in,anger
i am feeling super excited as the weeks seem to be flying by and we are getting closer and closer to our due date,joy
im inclined to believe that im simply too lazy to feel particularly greedy,anger
i feel sarcastic more often than not,anger
i feel that way makes me even more angry,anger
i feel he became frightened at the thought that i was putting my best foot forward,fear
i realise that although i originally started this blog for a specific purpose it has really grown beyond that and i shouldnt feel pressured to writing about specific things,fear
i feel tortured by something,anger
i find im barely breathing and feel a little frantic,fear
i just feel really pissed off actually and stressed,anger
im feeling really quite angry,anger
i love the most about them is the slight cat eye shape of the lenses they instantly make me feel likeaudrey hepburn in breakfast at tiffanys so glamorous and of course that gorgeous case doesnt hurt either,joy
i do love life and i do love to laugh and i enjoy the funny side of things because honestly if i dont look at the funny side of things i would spend the majority of my life feeling pissed off over the stupid things that people do,anger
i hope you all make the time to play along i have a feeling this sketch will be a popular one,joy
i don t want anyone to feel inhibited if their bodies are not typical ballet bodies,fear
ive gone through stages of nervousness and sheer terror but now i am feeling relaxed and excited,joy
i usually don t wear glasses at first i had uncomfortable feeling like irritated but lately i feel comfortable to have it,anger
i feel the need to be distracted,anger
i am if i go back to the hostel for a break i feel anxious to get back out and see more and more take it all in,fear
i feel deeply offended by some of the rhetoric and behaviour of some of the apc leaders and i cannot be expected to remain silent in the face of such expressions,anger
i worry that he s feeling resentful for doing woman s work,anger
im feeling bitchy and unappreciated today,anger
i dont know who i like i feel so bitchy and flirty,anger
i feel that i am not important enough to live not worthy enough to struggle any longer no one will miss me or even care that i have gone,joy
when i heard that my sister had shouted at my friends cousin at their place,anger
i felt out of control i hated myself for feeling it then felt more out of control hated myself for hating that i hated it and it just got worse until i was walking to work in a haze trying to not curl up on the pavement and just,anger
i never knew it hurt his feelings i just thought he was being sarcastic in return,anger
i am fascinated with the structure and function of the brain its so incredible that everything we think and feel all our memories and emotions are created and stored in this strange convoluted structure,fear
im still using blogger to follow other blogs but i like livejournals feature of enabling private posts so i can keep just one journal without feeling inhibited about writing things i dont want to publish on the net,fear
i feel whos work is worthwhile in this world and actually makes me cry,joy
i got a stitch in my side during the first mile couldnt feel my feet it was so cold etc etc,anger
i did feel a little lighter in spirit now that i knew that neither he nor warrick despised me for my incredible naivety and stupidity,anger
i actually feel solidarity with the americans who went on to cry for blood in iraq tortured prisoners and the stripping of the bill of rights,fear
i dont know if you guys can relate but i always like to feel welcomed and see a smiling face when im having a spa treatment,joy
i dont know what mediation means to everyone else but to me this process only has value if i freely express how i feel and as this will inevitably leave me feeling vulnerable and exposed the longer the delay the more i can feel anxiety building,fear
i hopped on the scale this morning feeling none too optimistic,joy
i am feeling a bit unsure about some of these im going to give it a try anyway,fear
i feel reluctant in applying there because i want to be able to find a company where i know at least one person,fear
heated discussion with spouse concerning new house,anger
i have to admit i feel a little hesitant about embedding a music video below in this case,fear
i have so much to be thankful for so to feel jealous of a skinny girl with a seemingly disposable income who is shopping at the mall seems so,anger
ive realized over the last few months that i generally tend to feel tremendously dissatisfied after having sex with him,anger
i hate the expectation that i must need a man in my life to feel worthwhile or valued,joy
i feel its rude to take someone s photo but rather that i feel awkward asking to take the photo,anger
i really want this challenge to be a fun way for everyone to knock a few games off our backlogs without feeling pressured to reach any certain goals,fear
i hate being so hungry and weak that i feel stubborn and dont want to do anything productive,anger
i always intended on achieving just so i could be with everyone else and feel like i was an intelligent productive and successful person,joy
i feel like this shows the change that many countries have taken and that many countries are on the way to making this decision that includes supporting and increasing women in all areas of life,joy
i have a feeling my mom wont be so keen on that idea,joy
i feel so cute,joy
im postponing feeling virtuous about this labor,joy
i did manage two short runs and a walk but today im back to feeling just shy of awful,fear
i did feel that the ending was a bit rushed and i do wonder if i might have missed certain signs but its a small thing when the story happens to be addictive and you dont notice the time passing by,anger
i always know when i am feeling artistic when i write my name while i am in an artistic mood the i in manitz i draw a circle not a dot the bigger the dot the more artistic i am feeling and if it is just a line like an accent mark in spanish im pissed,joy
i am not in general feeling particularly virtuous this month,joy
i really could not feel a thing and i felt slightly annoyed at the nurse who every time i pushed kept saying things like you are an incredibly strong woman be strong be strong,anger
i empathize with the feeling of being dissatisfied not where i want to be but no i dont feel that way,anger
i feel so honored that students come to my classes,joy
i spent much of the morning feeling like an impostor or a visitor in someone elses life and uncertain what if anything i should do next,fear
i feel rediculous and petty and yet justified,anger
i am by no means very claustrophobic when crunched up like that i can t help but feel a little agitated,fear
i feel happy about myself hes the reason why i am where i am today,joy
i also feel like i was being way too irritable today,anger
i never feel brave and nor do i want to be as i believe that in order to be brave you have to make a conscious choice as to whether you want to be brave or not,joy
i hesitate to give out stars for any books because i feel that giving it stars is saying that it is absolutely perfect and there are no improvements to be made,joy
i and i are feeling especially thankful for so many small blessings in our life right now,joy
i want to be recless but im feeling so uptight put your mamma in a headlock baby and do it right whooooos got the crack whooooooooos got the crack whooooo s got the crack whos got the craaaaaaack,fear
i am feeling a little stressed but seriously i have no one or nothing to blame but myself,anger
i feel it must have been the violent dream i had to snap myself awake from a difficult dream of my mother representing anyone and everyone and self violence universal but beautiful in its metaphor,anger
im also feeling cranky about it because the main characters scientist brother observing the moon mentions that there is zero gravity there,anger
i asked him what was making him feel so fabulous and he said i m healthy my family is healthy and we live in a free country,joy
i feel really bitter,anger
the patient whom i expected to get well suddenly passed away after he showed had his meals,anger
when i failed the entrance exam of the medical school and was studying biochemistry which has no job prospects in zambia,anger
i feel rushed again and its the lack of time jerry springer weather amp suddenly you want to put porn on i am very confused but hey let me do that while you enjoy that i had fun fun fun without your hun without a block so hype all about it,anger
i also feel that i am often a burden and in the way more than anything as a nursing student to the other nurses yet i must remember that while some may be grumpy at our presence everyone has to learn somewhere and boo friggety hoo if some medical personnel are irritated by the nursing students,anger
i feel incredibly nervous about it,fear
i feel resentful and really work that resentment until i blow up,anger
ive gone for my k training or a swim then i feel energised and be productive like actually cleaning my room,joy
i feel entirely free to express the way i feel about surroundings my life and the myriad of experiences that continue to make me who i am,joy
ive been taking to stop the bleeding in my guts has left me feeling far more irritable and violent than usual,anger
i am feeling a little grumpy but that could be pms too,anger
i feel that as we study him we find that he was indeed a perfect example of what any christian and especially a latter day saint should be,joy
i feel like i have to preface this post w a disclaimer of some sort before i have an enraged peta after me or something equally as horrible,anger
i feel like this another one of the more underrated records on the album not going to be the most popular but an amazing record nonetheless,joy
i feel quite nervous and scared too x scared cos ill be taking the plane back to singapore on my own cos i cant stay as long as my two other friends have planned t,fear
i feel my mom s graceful warm loving smile as i rob the time to nurture myself and heal,joy
i have the feeling she was amused and delighted,joy
i was also worried about the long trip because i had vomited the night before and as you may guess im not feeling well at all,joy
i feel irritable as well,anger
i am so aware that if i indulge my wounded self in the first thoughts i will feel impatient and burdened and if i make sure that my loving adult is in charge thinking the second loving thoughts i will feel happy blessed and peaceful,anger
i feel so fucked like everyday of my life,anger
i am feeling a little overwhelmed by christmas knitting especially since i started cross stitching and thats taking half my free time i went idea shopping today though and i am starting to feel a little better about the situation,fear
i am feeling a little stressed as aaron has friends over for a sleep over,anger
i feel confident that my issue is being regarded with the highest sense of urgency,joy
i should be able to head shot someone at the other end of a football field because i feel threatened by them,fear
i feel reluctant talking about myself and my current situation to you as i don t know how you ll feel but i guess its important you know all about me and the situation i am in so that we ll know if we can go further,fear
i feel so helpless but so well protected,fear
i could be really screwed just on waiting for a sitter so i was feeling stressed,anger
i feel so carefree no,joy
i feel petty and mean unemotional when im with her,anger
i feel so much more productive at college and so to keep that productivity in full gear ill have to chalk up some ideas for art projects this summer train an army of attack pigeons and take over a tiny and uninhabited island,joy
i wonder if she can pick up the stress im feeling when im trying to feed her and terrified of getting bitten because shes not feeding much,fear
i was cleaning up the place and about minutes in i started feeling paranoid and what i can only assume is the beginning of a psychotic episode,fear
i still feel stressed,anger
i feel like im presenting myself in a less hostile manner now when i am dragged to an event or gathering full of stupid fake people,anger
i am regularly in a rush and feel irritated and i dont take the time to communicate my needs or my feelings,anger
i feel extremely insulted,anger
i want to enjoy this and feel successful,joy
insulted by disgusting people,anger
i recall seeing leaves falling off a tree set against a grey sky and feeling absolutely terrified,fear
i am feeling so incredibly blessed for the life i have been given and the people that god has put in it,joy
i feel assaulted the new kid whined,fear
im not quite sure what it is but its a feeling specially for you and its nothing hostile,anger
i feel irritated pissed even like when someone wakes me up at that moment when i m on the edge of falling into a deep slumber,anger
im even starting to feel more sociable,joy
i am normally better at avoiding the expensive pre packaged products when i go to waitrose but i was still feeling a bit shaken up from the parking issues so bought some extra bits to calm my nerves,fear
i feel joyful and not feeble,joy
i loved how all his pack mates bonded with her the touchy feely way they were with each other was sweet,joy
im feeling stubborn today and got home and was like no way im gonna go get that mri soon,anger
ive got a feeling she will be just like her momma stubborn strong willed amp full of tx sassiness,anger
i loathe stuffed animals they make me feel a bit violent and i have been known to punch them,anger
i feel uptight my day is complete when hes around i feel so right a little nervs i dream about what we can do date and all the things we can pursue wedding i always dream that your mine very day min,fear
i plot that makes the reader feel like he is with owen morgan during his dangerous undertaking,anger
when my boyfriend last told me he loved me after i gave him an impulsive kiss,joy
i feel so incredibly graceful and sexy in this pose i have to say,joy
i hope that the next quote will be able to let my special someone knows what im feeling insecure about and understand that no matter how much i trust,fear
i didn t burst into tears or some other devastating release of feelings or thoughts because i seemed to know that rich also had to go through his own space without me just dumping on him,joy
i feel so neurotic sometimes because usually even if i know we dont have something etc,fear
i feel like i am as fearful now as i was when i first threw my leg over the top tube after my surgery,fear
i feel wonderful monroe said upon the launch of her company im incorporated,joy
i feel that educating families and supporting and educationg mamas and papas is key,joy
i feel honored to even be mentioned in the same sentence as derek,joy
i didn t feel rushed to finish millions of things and i was able to focus on each task separately,anger
i started to feel resentful of the whole situation and that s when something clicked,anger
i feel nervous just walking outside,fear
i am feeling extremely pleased with myself and i decide to give the guy another rupees,joy
i remember feeling outraged to my core when i read a particularly heinous series of articles in the friday times where else if not this paper,anger
i feel hopeful and will do my best to give it a go next week despite having dozens of final assignments to mark,joy
i love the feeling of running in the cold when you can see your breath and cold air seems to refresh you from the inside out,anger
i will say that a little piece of me feels agitated when i watch discussions on race and there will i style color font family georgia serif font size px line height,fear
i am feeling and it allows me to be distracted from my own life and caught up in someone elses even though theyre not real people,anger
i admit that with all the thoughts that go through my head i feel doubtful at times coz im scared,fear
i get the feeling that the relationship would be more sarcastic than sweet or sure,anger
im supposed to stay in the lively room but as an explorer i feel that the lively room simply does not have enuff to offer me and have decided to move on to the stairs bedrooms and baffroom,joy
im feeling brave this would be nice with black tips,joy
im really feeling skeptical about clinique products,fear
i feel that she should change herself and i was too timid to speak up for her except in underground murmurs,fear
i still feel brave when i walk into the saudi perfume scented terminal at dulles where my flight will leave from in an hour,joy
i cannot and i feel a strange sadness for a thing that i m now ready for but cannot do,fear
im feeling that kind of feeling when you are confused yet like bleh,fear
i am feeling especially lively,joy
i have a lovely nesty feeling after looking at all that cute teeny weeny clothing,joy
i feel uglier and more strange deformed and awkward looking than i had already felt,fear
i took a chance and kept crying in hopes she might feel benevolent,joy
i manage to reach a conclusion after all my musings i feel somehow more resolved,joy
i feel like karen is being far too greedy pushy demanding on all fronts,anger
i took part in a football match the referee was extremely partial to the opposite team this stirred up my discontent and anger,anger
i feel like im putting an innocent man on death row,joy
i couldnt feel thing however that kind of bothered me because i didnt feel it pop,anger
i feel that everyone has the ability to be artistic in his or her own special way and find that the most attractive art is unleashed fromthe virgin artists,joy
i kept staring at her quivering flower feeling that it was like a violent flower in time lapse photography a flower shivering with vigorous growth as it accelerated out to the flickering sun racing sky heralding the end of our relationship before it had even started,anger
i don t particularly have too much to say on it as it works well but doesn t particularly feel like it s something very clever or new,joy
i drafted this post at least a month ago and now i m feeling quite uncertain about it,fear
im feeling doodly playful artistic hungry puzzled trendy stellar and wonderful,joy
im feeling very indecisive about turning eighteen but hey the age does come with its own ups and downs right,fear
i feel so lucky to live in portland land of delicious food,joy
i feel kind of uncomfortable as i m about to write a not so favorable review about starters,fear
i feel very distressed because i m supportive of this campaign and with the senator jackson told cnn,fear
i often feel overwhelmed with all of the office and administration work required of the teacher,fear
i feel a bit annoyed and antsy in a good way,anger
im starting to feel wryly amused at the banal comedy of errors my life is turning into,joy
i feel about this band perhaps i m too distracted by the hardcore dancers flailing around,anger
i feel tortured a href http lawrencewashington,anger
i had seen but theres just something about their set that makes you feel so glad to be there,joy
i do not want to accept that it s inevitable that we all become grumpy old men and women as we age and i do not want to accept that feeling irritated and annoyed by trivial little things is normal,anger
i spend obsessing over my decisions and feeling anxious,fear
i feel everything is in control then i am ok,joy
i was not used to being around such grandeur and i found myself feeling very intimidated,fear
i have been feeling very apprehensive about going back,fear
i feel i can rely on my instincts more than my intellect but im starting to doubt whether my intuition is as keen as it should be,joy
i usually start feeling anxious,fear
i wanted to not feel frightened anymore,fear
im going to be talking a bit about how i feel about the important role of the fan in this wonderful game we call music,joy
i basically feeling a bit grumpy most of the time coz i was hungry,anger
i dont expect reilly will mess them up and since we have no cats i feel pretty safe leaving them in place,joy
i think feeling insulted was a good thing maybe if we all felt insulted and made that clear when someone attacks with a racial religious slur even though it is not aimed at you personally those that made the comment might learn something,anger
im still feeling all wimpy it may be another skip around,fear
i leave them i feel invigorated,joy
i know both of them feel threatened by the job i do even after long years but i get really tired of the ganging up i get from them,fear
i really like it a lot and think its a great fit for me and i love talking to the patients and trying to help them feel less nervous or at least that someone cares about them for a few minutes,fear
i just need to express my feeling badly ignore this if i offended you,anger
i perceive you feel the dint of pity these are gracious drops,joy
i feel shaken open as though my heart were broken into and there are no words to speak,fear
i feel pretty pleased about all day i was worried that perhaps i should have guessed riva but i thought that this was harvey weinstein s one big chance for a win and he s really good at helping people get oscars,joy
i must say though i have been feeling pretty violent,anger
i need to be intentional to do more things like that i think as a mom sometimes it can feel like you lose some of your personality b c as smart as my kids are their sense of humor is me making a silly face and chasing them around the house like a monster,joy
im feeling the need to mellow out i find something on the ipod that suits me or when im ready to pump it up ive always got a go to tune or two to get me reved up,joy
i feel selfish but i think it s about time i was,anger
im feeling stressed about this more than i should,anger
i feel you i can t take more than mg of seroquel either because the restless leg syndrome keeps me awake all night,fear
im seeing on facebook right now make me feel proud and excited for their parents and them but also sad that the babies and little squirts they once were are now gone forever,joy
i am feeling a little intimidated by the riders in central park right now and i dont want to go,fear
i feel so clever to have done that,joy
i once knew a quaker who announced quite excitedly that he was feeling absolutely wonderful because for a period of about a fortnight nothing much had been happening in his brain,joy
i see what being unhealthy does and i can feel the weight that i ve gained back and i am pissed that i let some of it creep back on,anger
i know its easy to twist things to create an explanation and im still not sure i have one but it did help me to feel a little less mad,anger
i think my feelings remix is the result of how neurotic i can be,fear
i feel for the guy because i think he is sincere honest and intelligent,joy
i do have to wonder when you re cast as a caveman and you re told you re perfect for the part do you feel insulted or complimented,anger
i feel hopeful like i should be gleefully roasting marshmallows from my fireplace like it s an abc family original movie,joy
i was left feeling uncertain about exactly what pulse will offer as a series,fear
i feel like i smell this scent all over taiwan quite frequently in cute coffee shop bathrooms,joy
i feel more sociable these days,joy
i am not okay with feeling annoyed at myself and at life all the time,anger
i feel that spitting on somebody is the most vicious kind of disrespect that you can do he said,anger
i am learning to step back and call it out to not be too proud to admit that yes i am feeling annoyed and yes i should tell you why,anger
i am feeling inspired to write a parody piece but not today as i have been in too much of a bad mood,joy
i also feel overwhelmed by to do lists,fear
i didn t want to tell him because arun has these single line solutions to all my problems that leave me feeling extremely dissatisfied,anger
i have seen you fall asleep climbing back into bed before you were even horizontal and now i am awake and my neck is cramped and i am feeling hostile and cheated,anger
i felt like the boys were disadvantaged missing out on all the exciting entertainments at home for children but now i feel like they have had a precious opportunity to get close and familiar with nature,joy
i cant get traction and start feeling tortured by time as my friend denise puts it,fear
i feel agitated and the result is not pleasant the opposite of calm and peaceful,anger
i stopped feeling as clever as i had felt having no memory of her having done so,joy
i also feel like i am being selfish in not being grateful for the life i do have and the amazing things in it,anger
i want to feel and maybe something i am feeling convinced myself of the nvm state of mind i am in after due deliberations,joy
im shocked i feel my own little problems put into perspective and i feel heartache for the innocent lives that have been ended,joy
i hate getting behind because then i feel pressured to get it all back up to date so i can move on to other projects,fear
i feel like this project will actually help me pick a valuable car that is decent looking as well as efficient to my everyday use,joy
im feeling cranky im very defensive about it,anger
i can flirt along with the best of em and i rarely if ever feel intimidated by male identifying folks or the idea of striking up a conversation with them regardless of how hopelessly attracted i am to them,fear
i love the porn industry and i feel satisfied and fulfilled working in it i have to say that it doesn t really bring in the big bucks,joy
i dont think he is being honest with me about a lot of things i could be wrong here but i keep feeling skeptical about certain things after everytime i hang out with him,fear
i told him it is because asians are very considerate so whenever a person is not feeling well they would have the common courtesy to wear a mask to reduce risk of spreading it to people around us,joy
i do feel super strong you should see how the biceps on my left arm are shaping up,joy
im feeling frantic i try to remember to breathe and laugh,fear
i feel angered because it makes me feel like somewhat of a liar,anger
i feel were most successful sodden shattered squeeze sardonic and squat,joy
i don t want to feel annoyed resentful or angry at the fact that he s already had the experience of having and raising kids,anger
i feel profoundly insulted by this anime how dumb does it think we are,anger
i feel so wronged but what can i do,anger
im afraid im in an environment that makes me feel more relaxed cause,joy
i just love the feeling of something warmly hugging you and feeling so precious and small precious to someone something,joy
i feel pressured when people say im going t beat you or whatever,fear
i feel envious that they can keep their posts regular and interesting and wish that i could feel this way to,anger
i was already feeling kind of frantic and upset because im spending another year in that god forsaken school,fear
i feel very happy and excited since i learned so many things,joy
i am not feeling fearful,fear
i feel restless otherwise known as useless or lazy when i take long breaks from writing,fear
